Date,Open,High,Low,Close,Volume,Asset_name
2022-04-01 08:00:00,1700.0,1999.0,1593.6,1613.4,1688.061,BIFIUSDT
2022-04-01 12:00:00,1609.8,1740.0,1585.0,1668.9,250.3,BIFIUSDT
2022-04-01 16:00:00,1669.0,2765.0,1615.0,1682.9,1052.643,BIFIUSDT
2022-04-01 20:00:00,1680.2,1690.0,1576.1,1611.9,343.707,BIFIUSDT
2022-04-02 00:00:00,1611.9,1706.0,1573.6,1614.6,131.864,BIFIUSDT
2022-04-02 04:00:00,1600.7,1692.0,1597.2,1619.0,160.116,BIFIUSDT
2022-04-02 08:00:00,1619.1,1690.0,1583.1,1600.0,310.349,BIFIUSDT
2022-04-02 12:00:00,1601.9,1643.5,1550.3,1575.1,274.655,BIFIUSDT
2022-04-02 16:00:00,1575.8,1609.0,1562.5,1579.1,118.372,BIFIUSDT
2022-04-02 20:00:00,1579.0,1587.6,1562.6,1563.1,45.611,BIFIUSDT
2022-04-03 00:00:00,1570.5,1577.5,1533.6,1540.3,50.827,BIFIUSDT
2022-04-03 04:00:00,1540.3,1562.4,1539.8,1553.0,40.479,BIFIUSDT
2022-04-03 08:00:00,1551.6,1556.5,1521.6,1534.9,87.147,BIFIUSDT
2022-04-03 12:00:00,1532.3,1577.7,1524.6,1533.6,103.445,BIFIUSDT
2022-04-03 16:00:00,1533.0,1548.8,1481.5,1487.6,129.495,BIFIUSDT
2022-04-03 20:00:00,1487.8,1537.0,1484.1,1518.2,87.469,BIFIUSDT
2022-04-04 00:00:00,1510.5,1519.4,1473.0,1473.0,40.63,BIFIUSDT
2022-04-04 04:00:00,1476.8,1570.0,1471.7,1510.5,74.368,BIFIUSDT
2022-04-04 08:00:00,1511.7,1567.8,1476.4,1522.8,111.587,BIFIUSDT
2022-04-04 12:00:00,1518.8,1522.7,1481.2,1481.2,39.334,BIFIUSDT
2022-04-04 16:00:00,1489.2,1502.4,1435.1,1470.8,59.701,BIFIUSDT
2022-04-04 20:00:00,1478.5,1549.9,1466.2,1512.1,49.488,BIFIUSDT
2022-04-05 00:00:00,1512.1,1577.7,1504.1,1570.0,114.597,BIFIUSDT
2022-04-05 04:00:00,1569.9,1600.0,1517.0,1538.7,105.215,BIFIUSDT
2022-04-05 08:00:00,1538.6,1538.7,1500.7,1510.5,58.704,BIFIUSDT
2022-04-05 12:00:00,1509.7,1614.5,1494.9,1511.3,491.298,BIFIUSDT
2022-04-05 16:00:00,1514.7,1547.7,1503.8,1514.1,57.414,BIFIUSDT
2022-04-05 20:00:00,1510.7,1530.0,1456.0,1458.3,85.338,BIFIUSDT
2022-04-06 00:00:00,1462.8,1498.9,1449.0,1481.0,22.679,BIFIUSDT
2022-04-06 04:00:00,1480.9,1483.8,1468.0,1472.1,20.381,BIFIUSDT
2022-04-06 08:00:00,1475.9,1479.9,1450.0,1460.9,22.859,BIFIUSDT
2022-04-06 12:00:00,1452.1,1493.9,1430.0,1441.7,36.338,BIFIUSDT
2022-04-06 16:00:00,1441.7,1447.2,1400.1,1439.0,56.824,BIFIUSDT
2022-04-06 20:00:00,1437.6,1475.0,1417.4,1424.5,73.468,BIFIUSDT
2022-04-07 00:00:00,1425.5,1435.9,1383.0,1394.9,84.903,BIFIUSDT
2022-04-07 04:00:00,1394.9,1452.0,1394.9,1412.6,44.779,BIFIUSDT
2022-04-07 08:00:00,1412.6,1441.7,1412.6,1441.7,25.083,BIFIUSDT
2022-04-07 12:00:00,1443.0,1443.0,1406.5,1407.9,21.557,BIFIUSDT
2022-04-07 16:00:00,1407.9,1434.9,1407.9,1434.7,17.371,BIFIUSDT
2022-04-07 20:00:00,1435.0,1448.8,1417.7,1441.3,29.703,BIFIUSDT
2022-04-08 00:00:00,1442.6,1448.3,1437.9,1439.2,8.615,BIFIUSDT
2022-04-08 04:00:00,1439.2,1459.9,1435.1,1435.1,37.997,BIFIUSDT
2022-04-08 08:00:00,1435.1,1448.5,1422.8,1424.6,24.006,BIFIUSDT
2022-04-08 12:00:00,1424.8,1439.8,1392.1,1431.7,41.962,BIFIUSDT
2022-04-08 16:00:00,1434.4,1434.5,1387.2,1392.4,38.259,BIFIUSDT
2022-04-08 20:00:00,1392.5,1406.0,1358.2,1370.4,18.685,BIFIUSDT
2022-04-09 00:00:00,1370.8,1428.9,1363.3,1387.8,63.662,BIFIUSDT
2022-04-09 04:00:00,1386.1,1406.1,1376.5,1393.3,3.644,BIFIUSDT
2022-04-09 08:00:00,1391.9,1406.1,1385.0,1392.1,4.111,BIFIUSDT
2022-04-09 12:00:00,1392.1,1433.7,1382.2,1386.8,9.054,BIFIUSDT
2022-04-09 16:00:00,1386.8,1489.0,1378.2,1403.4,45.098,BIFIUSDT
2022-04-09 20:00:00,1403.2,1428.8,1384.1,1406.1,28.202,BIFIUSDT
2022-04-10 00:00:00,1402.8,1403.1,1384.4,1393.3,5.287,BIFIUSDT
2022-04-10 04:00:00,1393.1,1399.9,1381.0,1399.9,11.947,BIFIUSDT
2022-04-10 08:00:00,1399.8,1444.6,1381.0,1407.6,26.874,BIFIUSDT
2022-04-10 12:00:00,1409.2,1455.0,1408.5,1434.5,45.921,BIFIUSDT
2022-04-10 16:00:00,1431.0,1454.0,1429.0,1442.3,14.524,BIFIUSDT
2022-04-10 20:00:00,1442.3,1450.0,1391.6,1397.3,29.829,BIFIUSDT
2022-04-11 00:00:00,1397.4,1428.7,1383.9,1405.5,30.163,BIFIUSDT
2022-04-11 04:00:00,1405.6,1486.0,1399.7,1446.3,55.883,BIFIUSDT
2022-04-11 08:00:00,1439.7,1787.7,1423.4,1462.1,2746.047,BIFIUSDT
2022-04-11 12:00:00,1462.1,1525.0,1405.1,1416.0,383.866,BIFIUSDT
2022-04-11 16:00:00,1416.0,1419.0,1369.0,1401.5,268.132,BIFIUSDT
2022-04-11 20:00:00,1401.5,1437.0,1369.2,1371.5,198.048,BIFIUSDT
2022-04-12 00:00:00,1379.7,1540.0,1369.8,1441.6,766.332,BIFIUSDT
2022-04-12 04:00:00,1441.6,1473.4,1400.7,1439.2,217.329,BIFIUSDT
2022-04-12 08:00:00,1437.9,1461.2,1417.0,1433.2,95.633,BIFIUSDT
2022-04-12 12:00:00,1430.6,1470.0,1422.1,1466.2,190.195,BIFIUSDT
2022-04-12 16:00:00,1466.0,1559.2,1455.3,1501.3,605.121,BIFIUSDT
2022-04-12 20:00:00,1507.4,1528.7,1477.0,1491.8,158.046,BIFIUSDT
2022-04-13 00:00:00,1494.1,1514.5,1475.8,1493.9,54.173,BIFIUSDT
2022-04-13 04:00:00,1493.8,1508.0,1462.8,1488.6,46.15,BIFIUSDT
2022-04-13 08:00:00,1488.8,1488.8,1460.1,1465.8,37.408,BIFIUSDT
2022-04-13 12:00:00,1460.0,1617.8,1459.0,1537.7,522.756,BIFIUSDT
2022-04-13 16:00:00,1547.8,1586.9,1513.7,1543.0,125.631,BIFIUSDT
2022-04-13 20:00:00,1543.0,1545.6,1516.0,1529.0,34.768,BIFIUSDT
2022-04-14 00:00:00,1528.9,1542.5,1500.2,1531.2,39.351,BIFIUSDT
2022-04-14 04:00:00,1525.1,1583.0,1500.1,1533.6,86.651,BIFIUSDT
2022-04-14 08:00:00,1532.3,1538.4,1501.2,1519.9,34.557,BIFIUSDT
2022-04-14 12:00:00,1519.2,1522.8,1454.4,1466.5,56.886,BIFIUSDT
2022-04-14 16:00:00,1466.5,1484.7,1437.6,1448.4,50.209,BIFIUSDT
2022-04-14 20:00:00,1450.3,1463.4,1446.3,1459.1,24.307,BIFIUSDT
2022-04-15 00:00:00,1459.1,1487.9,1440.0,1487.9,23.065,BIFIUSDT
2022-04-15 04:00:00,1487.9,1487.9,1462.1,1463.8,8.879,BIFIUSDT
2022-04-15 08:00:00,1462.2,1493.0,1462.1,1474.9,9.206,BIFIUSDT
2022-04-15 12:00:00,1474.8,1522.0,1462.1,1470.4,36.786,BIFIUSDT
2022-04-15 16:00:00,1470.2,1509.0,1463.7,1480.9,12.658,BIFIUSDT
2022-04-15 20:00:00,1481.6,1497.6,1468.5,1483.0,7.907,BIFIUSDT
2022-04-16 00:00:00,1482.4,1499.4,1473.9,1492.2,9.345,BIFIUSDT
2022-04-16 04:00:00,1489.0,1510.0,1470.3,1484.1,35.193,BIFIUSDT
2022-04-16 08:00:00,1479.8,1487.6,1455.5,1477.0,20.887,BIFIUSDT
2022-04-16 12:00:00,1474.1,1484.2,1415.0,1453.2,42.532,BIFIUSDT
2022-04-16 16:00:00,1451.6,1484.7,1442.4,1449.5,13.655,BIFIUSDT
2022-04-16 20:00:00,1451.3,1475.3,1450.3,1468.9,11.515,BIFIUSDT
2022-04-17 00:00:00,1469.2,1488.6,1450.8,1452.8,13.831,BIFIUSDT
2022-04-17 04:00:00,1451.2,1459.1,1451.0,1451.7,3.749,BIFIUSDT
2022-04-17 08:00:00,1458.3,1461.8,1450.8,1451.1,6.716,BIFIUSDT
2022-04-17 12:00:00,1456.3,1461.3,1451.3,1453.4,13.582,BIFIUSDT
2022-04-17 16:00:00,1453.4,1493.4,1453.0,1454.1,24.268,BIFIUSDT
2022-04-17 20:00:00,1454.1,1477.7,1411.4,1436.6,30.581,BIFIUSDT
2022-04-18 00:00:00,1434.1,1455.2,1410.0,1448.5,17.977,BIFIUSDT
2022-04-18 04:00:00,1447.0,1447.0,1407.2,1414.9,10.392,BIFIUSDT
2022-04-18 08:00:00,1411.3,1431.9,1407.2,1427.0,7.246,BIFIUSDT
2022-04-18 12:00:00,1427.6,1452.0,1423.8,1425.7,26.447,BIFIUSDT
2022-04-18 16:00:00,1427.3,1467.7,1419.2,1450.7,29.743,BIFIUSDT
2022-04-18 20:00:00,1450.7,1501.0,1441.0,1482.2,38.516,BIFIUSDT
2022-04-19 00:00:00,1480.3,1510.0,1468.4,1479.1,31.552,BIFIUSDT
2022-04-19 04:00:00,1485.4,1532.9,1473.1,1506.7,22.061,BIFIUSDT
2022-04-19 08:00:00,1507.8,1557.8,1478.2,1508.2,57.022,BIFIUSDT
2022-04-19 12:00:00,1505.2,1530.1,1494.6,1508.0,20.08,BIFIUSDT
2022-04-19 16:00:00,1508.3,1519.5,1485.7,1494.7,20.619,BIFIUSDT
2022-04-19 20:00:00,1495.6,1499.6,1484.0,1493.1,9.931,BIFIUSDT
2022-04-20 00:00:00,1496.6,1516.3,1482.0,1490.8,8.478,BIFIUSDT
2022-04-20 04:00:00,1489.7,1548.7,1488.7,1526.5,26.566,BIFIUSDT
2022-04-20 08:00:00,1526.5,1550.0,1500.0,1535.5,19.632,BIFIUSDT
2022-04-20 12:00:00,1533.3,1581.0,1521.8,1528.4,67.948,BIFIUSDT
2022-04-20 16:00:00,1528.4,1536.0,1488.1,1517.2,21.451,BIFIUSDT
2022-04-20 20:00:00,1517.5,1535.0,1504.2,1514.3,10.978,BIFIUSDT
2022-04-21 00:00:00,1512.6,1534.9,1503.9,1529.5,14.314,BIFIUSDT
2022-04-21 04:00:00,1534.8,1534.8,1508.9,1520.1,9.44,BIFIUSDT
2022-04-21 08:00:00,1520.5,1538.5,1513.1,1536.8,13.043,BIFIUSDT
2022-04-21 12:00:00,1531.9,1585.0,1526.3,1541.1,46.791,BIFIUSDT
2022-04-21 16:00:00,1543.0,1559.9,1517.2,1523.9,14.987,BIFIUSDT
2022-04-21 20:00:00,1518.4,1539.8,1485.8,1494.9,22.132,BIFIUSDT
2022-04-22 00:00:00,1499.5,1499.5,1471.0,1479.5,17.874,BIFIUSDT
2022-04-22 04:00:00,1479.5,1502.0,1473.6,1495.5,7.943,BIFIUSDT
2022-04-22 08:00:00,1495.5,1521.1,1475.6,1499.2,14.998,BIFIUSDT
2022-04-22 12:00:00,1500.0,1550.0,1466.3,1475.8,33.273,BIFIUSDT
2022-04-22 16:00:00,1475.0,1500.0,1442.7,1455.2,17.977,BIFIUSDT
2022-04-22 20:00:00,1455.7,1456.6,1442.6,1449.7,15.55,BIFIUSDT
2022-04-23 00:00:00,1449.3,1464.1,1435.8,1444.2,6.715,BIFIUSDT
2022-04-23 04:00:00,1444.2,1448.9,1433.6,1443.0,2.786,BIFIUSDT
2022-04-23 08:00:00,1444.9,1463.7,1438.4,1446.5,7.325,BIFIUSDT
2022-04-23 12:00:00,1442.5,1454.4,1433.7,1444.7,12.51,BIFIUSDT
2022-04-23 16:00:00,1444.2,1453.4,1427.0,1427.2,9.932,BIFIUSDT
2022-04-23 20:00:00,1431.8,1440.2,1416.3,1418.4,5.972,BIFIUSDT
2022-04-24 00:00:00,1416.3,1435.6,1411.6,1422.7,10.383,BIFIUSDT
2022-04-24 04:00:00,1422.7,1422.7,1388.1,1392.9,22.994,BIFIUSDT
2022-04-24 08:00:00,1393.3,1396.1,1384.2,1384.2,13.215,BIFIUSDT
2022-04-24 12:00:00,1384.1,1398.5,1380.0,1398.5,10.565,BIFIUSDT
2022-04-24 16:00:00,1398.5,1423.1,1383.0,1407.8,11.021,BIFIUSDT
2022-04-24 20:00:00,1407.8,1407.8,1382.3,1384.2,6.56,BIFIUSDT
2022-04-25 00:00:00,1383.9,1386.4,1352.7,1375.4,18.257,BIFIUSDT
2022-04-25 04:00:00,1372.5,1378.6,1340.1,1345.9,21.616,BIFIUSDT
2022-04-25 08:00:00,1344.8,1352.2,1318.3,1339.0,23.906,BIFIUSDT
2022-04-25 12:00:00,1341.0,1360.8,1324.5,1337.1,30.478,BIFIUSDT
2022-04-25 16:00:00,1337.0,1402.0,1330.1,1391.2,32.678,BIFIUSDT
2022-04-25 20:00:00,1393.8,1411.8,1387.0,1411.8,10.661,BIFIUSDT
2022-04-26 00:00:00,1405.2,1423.1,1401.9,1408.8,12.571,BIFIUSDT
2022-04-26 04:00:00,1412.1,1450.0,1391.2,1412.3,16.355,BIFIUSDT
2022-04-26 08:00:00,1412.0,1435.6,1399.8,1404.2,18.271,BIFIUSDT
2022-04-26 12:00:00,1407.0,1423.4,1345.0,1347.7,42.956,BIFIUSDT
2022-04-26 16:00:00,1346.7,1355.9,1330.4,1337.1,9.986,BIFIUSDT
2022-04-26 20:00:00,1338.5,1364.6,1310.3,1335.6,24.287,BIFIUSDT
2022-04-27 00:00:00,1336.0,1360.7,1325.6,1343.4,6.712,BIFIUSDT
2022-04-27 04:00:00,1340.8,1361.2,1331.0,1357.0,7.717,BIFIUSDT
2022-04-27 08:00:00,1355.0,1359.4,1338.4,1357.7,10.295,BIFIUSDT
2022-04-27 12:00:00,1357.6,1399.9,1342.3,1354.5,24.631,BIFIUSDT
2022-04-27 16:00:00,1353.1,1373.1,1353.1,1366.7,14.406,BIFIUSDT
2022-04-27 20:00:00,1368.1,1390.0,1360.0,1370.6,21.234,BIFIUSDT
2022-04-28 00:00:00,1377.0,1474.0,1370.8,1392.6,38.608,BIFIUSDT
2022-04-28 04:00:00,1397.3,1452.0,1390.1,1408.4,20.949,BIFIUSDT
2022-04-28 08:00:00,1401.9,1442.0,1400.0,1435.3,11.028,BIFIUSDT
2022-04-28 12:00:00,1434.7,1440.4,1382.0,1396.9,38.474,BIFIUSDT
2022-04-28 16:00:00,1403.7,1429.0,1403.7,1422.1,23.497,BIFIUSDT
2022-04-28 20:00:00,1421.6,1429.1,1420.0,1425.2,40.635,BIFIUSDT
2022-04-29 00:00:00,1425.5,1470.0,1420.0,1420.0,17.355,BIFIUSDT
2022-04-29 04:00:00,1420.0,1436.1,1420.0,1424.2,15.952,BIFIUSDT
2022-04-29 08:00:00,1429.9,1429.9,1381.9,1391.8,35.83,BIFIUSDT
2022-04-29 12:00:00,1391.9,1406.2,1368.0,1378.9,18.192,BIFIUSDT
2022-04-29 16:00:00,1378.9,1395.9,1340.0,1344.9,17.643,BIFIUSDT
2022-04-29 20:00:00,1340.1,1360.7,1317.9,1324.3,22.25,BIFIUSDT
2022-04-30 00:00:00,1322.6,1407.7,1320.0,1328.6,24.132,BIFIUSDT
2022-04-30 04:00:00,1325.4,1333.6,1308.6,1321.0,8.368,BIFIUSDT
2022-04-30 08:00:00,1317.2,1320.9,1286.3,1302.2,21.722,BIFIUSDT
2022-04-30 12:00:00,1299.2,1316.8,1250.1,1256.1,34.662,BIFIUSDT
2022-04-30 16:00:00,1256.4,1259.8,1199.5,1211.5,34.104,BIFIUSDT
2022-04-30 20:00:00,1212.9,1232.0,1156.1,1169.2,28.332,BIFIUSDT
2022-05-01 00:00:00,1164.9,1247.1,1160.0,1224.0,29.485,BIFIUSDT
2022-05-01 04:00:00,1225.5,1228.9,1204.5,1220.7,9.597,BIFIUSDT
2022-05-01 08:00:00,1219.7,1250.8,1212.0,1236.1,13.364,BIFIUSDT
2022-05-01 12:00:00,1240.2,1244.7,1221.0,1243.1,5.514,BIFIUSDT
2022-05-01 16:00:00,1244.7,1300.0,1237.0,1250.0,33.101,BIFIUSDT
2022-05-01 20:00:00,1250.8,1370.4,1250.8,1321.2,340.56,BIFIUSDT
2022-05-02 00:00:00,1322.4,1359.0,1281.3,1281.3,63.292,BIFIUSDT
2022-05-02 04:00:00,1287.2,1301.0,1265.3,1279.1,22.533,BIFIUSDT
2022-05-02 08:00:00,1279.4,1279.4,1245.7,1249.6,11.792,BIFIUSDT
2022-05-02 12:00:00,1251.5,1280.8,1250.7,1271.4,15.234,BIFIUSDT
2022-05-02 16:00:00,1269.3,1289.8,1236.9,1254.8,12.904,BIFIUSDT
2022-05-02 20:00:00,1247.6,1291.6,1245.5,1257.2,13.815,BIFIUSDT
2022-05-03 00:00:00,1262.5,1281.4,1254.8,1266.8,5.916,BIFIUSDT
2022-05-03 04:00:00,1270.2,1276.0,1255.7,1269.1,7.296,BIFIUSDT
2022-05-03 08:00:00,1270.2,1270.2,1232.5,1243.4,24.898,BIFIUSDT
2022-05-03 12:00:00,1244.7,1261.8,1239.2,1246.5,16.9,BIFIUSDT
2022-05-03 16:00:00,1245.0,1245.0,1218.5,1224.6,20.396,BIFIUSDT
2022-05-03 20:00:00,1221.2,1231.4,1196.2,1200.0,17.31,BIFIUSDT
2022-05-04 00:00:00,1199.6,1221.2,1199.6,1207.9,14.988,BIFIUSDT
2022-05-04 04:00:00,1206.4,1229.4,1199.9,1227.8,12.217,BIFIUSDT
2022-05-04 08:00:00,1231.0,1253.1,1224.8,1246.0,15.57,BIFIUSDT
2022-05-04 12:00:00,1248.2,1255.1,1216.8,1237.2,10.244,BIFIUSDT
2022-05-04 16:00:00,1237.2,1296.2,1223.9,1288.8,15.477,BIFIUSDT
2022-05-04 20:00:00,1288.0,1308.9,1277.3,1292.8,11.837,BIFIUSDT
2022-05-05 00:00:00,1292.8,1298.6,1289.4,1291.7,9.644,BIFIUSDT
2022-05-05 04:00:00,1291.7,1291.7,1272.0,1277.8,11.742,BIFIUSDT
2022-05-05 08:00:00,1275.5,1291.6,1256.9,1273.6,19.303,BIFIUSDT
2022-05-05 12:00:00,1273.5,1273.5,1199.9,1200.0,57.693,BIFIUSDT
2022-05-05 16:00:00,1201.1,1208.7,1180.0,1188.3,45.772,BIFIUSDT
2022-05-05 20:00:00,1189.3,1199.4,1180.0,1191.3,36.26,BIFIUSDT
2022-05-06 00:00:00,1195.5,1207.3,1186.7,1196.1,9.923,BIFIUSDT
2022-05-06 04:00:00,1195.5,1203.3,1180.2,1191.2,10.951,BIFIUSDT
2022-05-06 08:00:00,1191.3,1193.3,1191.2,1191.3,28.716,BIFIUSDT
2022-05-06 12:00:00,1191.3,1198.5,1170.3,1198.1,71.425,BIFIUSDT
2022-05-06 16:00:00,1198.5,1204.9,1182.5,1198.6,14.259,BIFIUSDT
2022-05-06 20:00:00,1197.8,1197.9,1189.2,1192.9,5.084,BIFIUSDT
2022-05-07 00:00:00,1193.4,1203.9,1189.0,1197.1,8.024,BIFIUSDT
2022-05-07 04:00:00,1194.9,1194.9,1181.3,1189.7,10.522,BIFIUSDT
2022-05-07 08:00:00,1187.8,1199.1,1180.4,1194.8,9.841,BIFIUSDT
2022-05-07 12:00:00,1189.9,1194.9,1159.1,1166.2,26.354,BIFIUSDT
2022-05-07 16:00:00,1168.1,1171.1,1153.6,1161.7,12.171,BIFIUSDT
2022-05-07 20:00:00,1161.9,1163.6,1099.7,1104.6,57.904,BIFIUSDT
2022-05-08 00:00:00,1101.1,1119.9,959.8,987.2,394.859,BIFIUSDT
2022-05-08 04:00:00,985.5,1040.5,979.5,1027.6,120.438,BIFIUSDT
2022-05-08 08:00:00,1026.8,1040.6,1016.7,1039.5,44.009,BIFIUSDT
2022-05-08 12:00:00,1035.8,1039.8,1009.2,1020.2,36.937,BIFIUSDT
2022-05-08 16:00:00,1020.7,1041.7,1013.2,1039.7,41.311,BIFIUSDT
2022-05-08 20:00:00,1039.5,1039.5,1009.8,1015.4,36.901,BIFIUSDT
2022-05-09 00:00:00,1019.1,1033.5,1000.0,1015.4,32.883,BIFIUSDT
2022-05-09 04:00:00,1014.0,1048.9,1004.8,1019.0,24.357,BIFIUSDT
2022-05-09 08:00:00,1019.0,1024.5,918.3,935.1,116.465,BIFIUSDT
2022-05-09 12:00:00,934.9,937.4,865.6,867.0,79.04,BIFIUSDT
2022-05-09 16:00:00,874.9,946.2,725.0,747.7,568.65,BIFIUSDT
2022-05-09 20:00:00,747.0,836.6,745.7,803.1,264.211,BIFIUSDT
2022-05-10 00:00:00,802.0,886.1,785.0,832.6,181.965,BIFIUSDT
2022-05-10 04:00:00,830.1,887.0,813.2,839.9,235.855,BIFIUSDT
2022-05-10 08:00:00,835.3,855.7,822.5,849.4,57.23,BIFIUSDT
2022-05-10 12:00:00,854.9,873.4,793.7,816.0,85.897,BIFIUSDT
2022-05-10 16:00:00,818.4,868.7,807.4,858.6,106.341,BIFIUSDT
2022-05-10 20:00:00,852.1,863.6,765.8,786.0,132.824,BIFIUSDT
2022-05-11 00:00:00,786.3,806.7,771.4,785.6,25.946,BIFIUSDT
2022-05-11 04:00:00,783.5,791.5,730.1,732.6,57.85,BIFIUSDT
2022-05-11 08:00:00,734.4,766.5,710.1,716.0,115.79,BIFIUSDT
2022-05-11 12:00:00,710.3,730.4,616.0,628.7,267.99,BIFIUSDT
2022-05-11 16:00:00,626.7,632.1,534.3,539.0,723.415,BIFIUSDT
2022-05-11 20:00:00,541.3,543.4,494.0,526.7,457.494,BIFIUSDT
2022-05-12 00:00:00,528.4,561.1,527.6,540.4,141.447,BIFIUSDT
2022-05-12 04:00:00,541.7,541.7,462.2,494.0,229.869,BIFIUSDT
2022-05-12 08:00:00,490.9,535.4,490.9,524.4,113.879,BIFIUSDT
2022-05-12 12:00:00,524.0,557.7,480.3,513.2,407.469,BIFIUSDT
2022-05-12 16:00:00,513.3,526.5,463.7,465.0,177.708,BIFIUSDT
2022-05-12 20:00:00,465.3,465.3,388.1,404.2,351.767,BIFIUSDT
2022-05-13 00:00:00,404.4,479.4,402.6,468.6,269.816,BIFIUSDT
2022-05-13 04:00:00,479.5,516.7,468.6,491.1,211.836,BIFIUSDT
2022-05-13 08:00:00,493.7,505.4,478.0,500.0,287.475,BIFIUSDT
2022-05-13 12:00:00,499.4,500.4,462.0,464.3,519.709,BIFIUSDT
2022-05-13 16:00:00,463.7,476.9,428.3,438.9,309.949,BIFIUSDT
2022-05-13 20:00:00,438.0,454.9,413.9,421.6,258.824,BIFIUSDT
2022-05-14 00:00:00,420.6,430.7,411.1,411.1,176.774,BIFIUSDT
2022-05-14 04:00:00,414.3,430.5,403.0,420.0,136.686,BIFIUSDT
2022-05-14 08:00:00,421.5,422.4,388.5,396.0,130.371,BIFIUSDT
2022-05-14 12:00:00,398.0,411.1,395.3,404.2,107.978,BIFIUSDT
2022-05-14 16:00:00,403.4,434.4,399.9,432.0,125.382,BIFIUSDT
2022-05-14 20:00:00,432.0,466.0,428.0,456.1,100.956,BIFIUSDT
2022-05-15 00:00:00,459.7,459.8,436.2,439.6,31.761,BIFIUSDT
2022-05-15 04:00:00,440.7,459.5,437.4,454.6,45.275,BIFIUSDT
2022-05-15 08:00:00,454.5,469.0,443.0,462.8,122.377,BIFIUSDT
2022-05-15 12:00:00,464.3,500.6,463.9,488.2,208.896,BIFIUSDT
2022-05-15 16:00:00,483.8,745.3,479.1,581.2,3614.725,BIFIUSDT
2022-05-15 20:00:00,585.1,993.3,585.1,747.1,4253.576,BIFIUSDT
2022-05-16 00:00:00,752.5,990.0,685.5,815.3,2196.892,BIFIUSDT
2022-05-16 04:00:00,815.4,1039.9,804.4,884.9,4586.507,BIFIUSDT
2022-05-16 08:00:00,884.9,935.5,828.0,859.0,2274.79,BIFIUSDT
2022-05-16 12:00:00,863.3,915.8,707.4,789.5,3516.745,BIFIUSDT
2022-05-16 16:00:00,787.8,842.1,761.2,801.5,2118.808,BIFIUSDT
2022-05-16 20:00:00,805.9,824.8,732.9,732.9,546.209,BIFIUSDT
2022-05-17 00:00:00,732.9,784.0,723.3,763.2,250.227,BIFIUSDT
2022-05-17 04:00:00,756.1,815.0,749.0,778.3,434.692,BIFIUSDT
2022-05-17 08:00:00,783.2,790.3,768.9,775.9,170.144,BIFIUSDT
2022-05-17 12:00:00,775.9,779.3,744.2,752.2,210.992,BIFIUSDT
2022-05-17 16:00:00,752.2,773.6,706.4,731.4,429.262,BIFIUSDT
2022-05-17 20:00:00,726.7,733.1,715.3,728.3,142.53,BIFIUSDT
2022-05-18 00:00:00,728.2,737.5,704.0,705.2,151.425,BIFIUSDT
2022-05-18 04:00:00,705.3,959.0,658.8,711.0,3470.594,BIFIUSDT
2022-05-18 08:00:00,709.0,716.8,687.2,696.3,424.556,BIFIUSDT
2022-05-18 12:00:00,702.3,705.0,638.1,643.3,324.843,BIFIUSDT
2022-05-18 16:00:00,646.6,666.0,627.1,658.7,263.887,BIFIUSDT
2022-05-18 20:00:00,658.7,660.8,635.0,635.1,64.698,BIFIUSDT
2022-05-19 00:00:00,635.0,642.4,620.4,633.2,201.527,BIFIUSDT
2022-05-19 04:00:00,633.9,641.0,596.0,615.4,183.017,BIFIUSDT
2022-05-19 08:00:00,616.0,638.3,605.0,634.1,115.406,BIFIUSDT
2022-05-19 12:00:00,634.5,688.5,623.3,683.8,290.059,BIFIUSDT
2022-05-19 16:00:00,683.8,683.8,648.8,650.7,206.793,BIFIUSDT
2022-05-19 20:00:00,650.7,676.0,648.9,671.7,104.849,BIFIUSDT
2022-05-20 00:00:00,670.4,672.2,654.8,658.0,76.581,BIFIUSDT
2022-05-20 04:00:00,658.5,662.4,600.0,662.0,175.403,BIFIUSDT
2022-05-20 08:00:00,661.9,669.0,654.0,667.0,63.656,BIFIUSDT
2022-05-20 12:00:00,666.0,666.6,613.5,618.4,210.024,BIFIUSDT
2022-05-20 16:00:00,615.6,631.7,598.2,629.2,142.314,BIFIUSDT
2022-05-20 20:00:00,630.7,636.8,621.4,626.0,86.13,BIFIUSDT
2022-05-21 00:00:00,625.9,631.8,613.6,621.9,63.528,BIFIUSDT
2022-05-21 04:00:00,622.2,656.8,616.6,643.4,138.055,BIFIUSDT
2022-05-21 08:00:00,641.7,660.0,627.1,631.5,127.213,BIFIUSDT
2022-05-21 12:00:00,631.5,641.8,631.2,640.1,55.224,BIFIUSDT
2022-05-21 16:00:00,640.7,759.0,639.1,678.8,870.038,BIFIUSDT
2022-05-21 20:00:00,678.7,688.1,659.0,680.8,88.74,BIFIUSDT
2022-05-22 00:00:00,680.4,692.4,673.1,683.7,60.463,BIFIUSDT
2022-05-22 04:00:00,683.5,688.0,664.8,683.9,116.0,BIFIUSDT
2022-05-22 08:00:00,682.0,696.9,670.5,673.6,176.607,BIFIUSDT
2022-05-22 12:00:00,674.0,704.9,674.0,685.2,170.65,BIFIUSDT
2022-05-22 16:00:00,686.4,691.7,671.4,689.2,88.114,BIFIUSDT
2022-05-22 20:00:00,683.1,696.5,679.4,691.6,78.041,BIFIUSDT
2022-05-23 00:00:00,691.7,705.0,684.8,700.0,55.514,BIFIUSDT
2022-05-23 04:00:00,701.1,739.8,697.9,737.4,203.615,BIFIUSDT
2022-05-23 08:00:00,737.4,738.0,720.3,725.0,103.688,BIFIUSDT
2022-05-23 12:00:00,725.1,738.7,714.1,722.0,107.39,BIFIUSDT
2022-05-23 16:00:00,723.4,734.0,685.2,689.5,90.0,BIFIUSDT
2022-05-23 20:00:00,686.2,712.4,670.6,673.8,109.754,BIFIUSDT
2022-05-24 00:00:00,674.3,683.1,674.3,680.9,15.102,BIFIUSDT
2022-05-24 04:00:00,681.3,695.5,678.7,687.2,37.879,BIFIUSDT
2022-05-24 08:00:00,687.5,694.7,674.5,681.4,36.92,BIFIUSDT
2022-05-24 12:00:00,678.3,679.4,647.0,670.5,56.726,BIFIUSDT
2022-05-24 16:00:00,670.5,684.3,663.5,674.8,38.324,BIFIUSDT
2022-05-24 20:00:00,673.1,705.9,669.4,694.5,64.303,BIFIUSDT
2022-05-25 00:00:00,692.1,705.9,685.0,700.7,46.854,BIFIUSDT
2022-05-25 04:00:00,700.6,702.2,670.9,674.9,53.576,BIFIUSDT
2022-05-25 08:00:00,675.0,686.2,663.8,664.9,144.658,BIFIUSDT
2022-05-25 12:00:00,663.7,664.9,647.1,661.5,164.553,BIFIUSDT
2022-05-25 16:00:00,658.6,709.9,649.5,660.8,220.604,BIFIUSDT
2022-05-25 20:00:00,664.0,675.6,661.8,664.3,27.23,BIFIUSDT
2022-05-26 00:00:00,664.4,673.7,664.2,667.1,16.255,BIFIUSDT
2022-05-26 04:00:00,665.9,668.5,624.7,625.9,167.332,BIFIUSDT
2022-05-26 08:00:00,625.5,627.8,592.0,602.2,167.141,BIFIUSDT
2022-05-26 12:00:00,599.6,628.8,576.6,619.8,119.12,BIFIUSDT
2022-05-26 16:00:00,622.0,630.0,603.8,610.9,106.331,BIFIUSDT
2022-05-26 20:00:00,609.7,619.2,599.3,601.0,24.262,BIFIUSDT
2022-05-27 00:00:00,606.2,606.2,581.2,593.1,78.325,BIFIUSDT
2022-05-27 04:00:00,593.1,598.0,570.6,592.0,67.762,BIFIUSDT
2022-05-27 08:00:00,590.5,593.7,578.6,592.8,37.234,BIFIUSDT
2022-05-27 12:00:00,588.1,608.1,583.5,590.2,132.317,BIFIUSDT
2022-05-27 16:00:00,587.1,587.1,562.3,577.3,60.834,BIFIUSDT
2022-05-27 20:00:00,578.5,586.3,568.1,570.3,47.146,BIFIUSDT
2022-05-28 00:00:00,573.8,593.9,563.1,576.8,59.387,BIFIUSDT
2022-05-28 04:00:00,576.9,592.3,572.4,580.3,37.966,BIFIUSDT
2022-05-28 08:00:00,578.2,580.1,566.4,576.1,45.696,BIFIUSDT
2022-05-28 12:00:00,575.6,595.7,574.9,586.7,67.175,BIFIUSDT
2022-05-28 16:00:00,588.5,593.4,587.0,593.3,30.866,BIFIUSDT
2022-05-28 20:00:00,593.3,619.1,593.3,602.8,98.12,BIFIUSDT
2022-05-29 00:00:00,602.8,605.1,591.2,593.1,40.976,BIFIUSDT
2022-05-29 04:00:00,593.6,605.7,592.2,597.5,36.436,BIFIUSDT
2022-05-29 08:00:00,595.3,607.6,590.5,603.0,43.367,BIFIUSDT
2022-05-29 12:00:00,603.0,616.2,599.9,602.8,52.027,BIFIUSDT
2022-05-29 16:00:00,606.3,618.8,604.2,610.4,71.358,BIFIUSDT
2022-05-29 20:00:00,611.5,612.9,605.7,612.3,34.988,BIFIUSDT
2022-05-30 00:00:00,610.4,629.0,602.7,622.8,78.274,BIFIUSDT
2022-05-30 04:00:00,623.6,680.0,620.8,656.3,327.713,BIFIUSDT
2022-05-30 08:00:00,655.8,661.3,632.6,638.8,105.516,BIFIUSDT
2022-05-30 12:00:00,639.9,643.3,627.9,632.9,91.522,BIFIUSDT
2022-05-30 16:00:00,632.7,639.5,630.0,631.1,53.132,BIFIUSDT
2022-05-30 20:00:00,631.1,652.9,631.0,648.0,64.71,BIFIUSDT
2022-05-31 00:00:00,645.6,652.3,625.9,638.3,61.383,BIFIUSDT
2022-05-31 04:00:00,637.2,641.5,612.3,627.4,94.982,BIFIUSDT
2022-05-31 08:00:00,624.4,643.1,622.5,632.8,64.492,BIFIUSDT
2022-05-31 12:00:00,632.8,637.7,614.3,635.8,80.546,BIFIUSDT
2022-05-31 16:00:00,635.9,639.9,625.0,630.1,72.513,BIFIUSDT
2022-05-31 20:00:00,631.6,638.0,627.0,632.7,30.235,BIFIUSDT
2022-06-01 00:00:00,632.8,642.3,620.1,620.1,51.343,BIFIUSDT
2022-06-01 04:00:00,621.0,628.5,619.0,621.3,17.66,BIFIUSDT
2022-06-01 08:00:00,622.3,627.5,616.2,620.1,16.377,BIFIUSDT
2022-06-01 12:00:00,617.6,626.7,595.8,601.5,75.059,BIFIUSDT
2022-06-01 16:00:00,600.3,600.5,586.3,588.0,60.923,BIFIUSDT
2022-06-01 20:00:00,588.2,588.2,527.2,570.1,170.948,BIFIUSDT
2022-06-02 00:00:00,566.6,575.8,564.5,565.4,31.906,BIFIUSDT
2022-06-02 04:00:00,566.7,578.3,562.2,575.0,30.41,BIFIUSDT
2022-06-02 08:00:00,575.2,582.7,568.7,580.8,49.37,BIFIUSDT
2022-06-02 12:00:00,579.7,581.1,564.9,576.4,53.669,BIFIUSDT
2022-06-02 16:00:00,576.4,579.8,570.7,579.7,37.067,BIFIUSDT
2022-06-02 20:00:00,579.3,594.7,578.7,584.3,31.86,BIFIUSDT
2022-06-03 00:00:00,584.3,590.7,580.0,585.6,22.056,BIFIUSDT
2022-06-03 04:00:00,585.1,594.2,568.2,568.2,124.243,BIFIUSDT
2022-06-03 08:00:00,570.8,574.6,544.0,546.8,105.752,BIFIUSDT
2022-06-03 12:00:00,546.8,553.8,540.8,545.9,52.193,BIFIUSDT
2022-06-03 16:00:00,543.2,550.8,542.2,543.3,31.599,BIFIUSDT
2022-06-03 20:00:00,544.1,555.5,542.1,553.4,32.34,BIFIUSDT
2022-06-04 00:00:00,548.6,551.5,539.1,541.1,23.407,BIFIUSDT
2022-06-04 04:00:00,544.5,553.0,543.2,551.3,16.048,BIFIUSDT
2022-06-04 08:00:00,553.3,559.2,546.0,551.6,38.245,BIFIUSDT
2022-06-04 12:00:00,553.2,557.0,539.9,550.9,39.59,BIFIUSDT
2022-06-04 16:00:00,553.3,584.2,552.0,575.0,176.189,BIFIUSDT
2022-06-04 20:00:00,576.6,873.1,571.1,767.6,8625.436,BIFIUSDT
2022-06-05 00:00:00,768.3,768.7,681.1,725.2,2350.538,BIFIUSDT
2022-06-05 04:00:00,722.1,771.8,687.9,727.1,2455.689,BIFIUSDT
2022-06-05 08:00:00,727.2,808.6,702.7,716.5,4499.974,BIFIUSDT
2022-06-05 12:00:00,716.6,859.9,699.0,777.9,6586.141,BIFIUSDT
2022-06-05 16:00:00,779.0,842.7,713.1,750.2,5706.379,BIFIUSDT
2022-06-05 20:00:00,753.5,792.6,700.0,709.8,2732.126,BIFIUSDT
2022-06-06 00:00:00,709.9,716.5,682.7,683.0,542.902,BIFIUSDT
2022-06-06 04:00:00,682.7,708.0,680.1,693.2,572.269,BIFIUSDT
2022-06-06 08:00:00,693.3,730.0,688.8,716.8,783.802,BIFIUSDT
2022-06-06 12:00:00,713.0,750.0,709.3,714.5,1129.107,BIFIUSDT
2022-06-06 16:00:00,715.4,725.8,708.5,713.1,276.538,BIFIUSDT
2022-06-06 20:00:00,713.1,713.1,682.2,688.9,343.614,BIFIUSDT
2022-06-07 00:00:00,691.5,691.5,649.6,649.6,327.399,BIFIUSDT
2022-06-07 04:00:00,647.9,653.7,625.1,651.8,360.305,BIFIUSDT
2022-06-07 08:00:00,651.5,653.0,615.0,621.3,289.515,BIFIUSDT
2022-06-07 12:00:00,621.2,646.1,615.2,641.2,188.561,BIFIUSDT
2022-06-07 16:00:00,637.7,658.5,629.5,651.6,172.038,BIFIUSDT
2022-06-07 20:00:00,651.6,659.7,623.1,643.8,273.83,BIFIUSDT
2022-06-08 00:00:00,643.0,650.6,627.9,632.4,127.184,BIFIUSDT
2022-06-08 04:00:00,632.4,652.2,624.5,645.1,391.665,BIFIUSDT
2022-06-08 08:00:00,645.1,650.7,631.6,634.4,170.131,BIFIUSDT
2022-06-08 12:00:00,631.4,636.7,611.1,617.8,305.736,BIFIUSDT
2022-06-08 16:00:00,617.8,622.8,602.2,608.0,152.915,BIFIUSDT
2022-06-08 20:00:00,603.7,620.1,602.0,610.1,94.0,BIFIUSDT
2022-06-09 00:00:00,610.1,610.8,600.6,604.5,55.386,BIFIUSDT
2022-06-09 04:00:00,603.4,610.9,601.5,608.2,40.313,BIFIUSDT
2022-06-09 08:00:00,610.1,641.9,609.9,615.5,197.71,BIFIUSDT
2022-06-09 12:00:00,615.4,625.0,608.8,621.6,145.964,BIFIUSDT
2022-06-09 16:00:00,621.7,628.9,614.0,615.2,89.823,BIFIUSDT
2022-06-09 20:00:00,614.2,616.1,601.2,605.3,119.737,BIFIUSDT
2022-06-10 00:00:00,606.0,608.5,592.8,598.3,112.817,BIFIUSDT
2022-06-10 04:00:00,601.4,609.2,598.1,602.1,86.977,BIFIUSDT
2022-06-10 08:00:00,603.7,607.1,585.8,603.1,114.29,BIFIUSDT
2022-06-10 12:00:00,602.2,605.5,575.5,582.5,220.58,BIFIUSDT
2022-06-10 16:00:00,583.4,584.6,572.0,574.3,100.13,BIFIUSDT
2022-06-10 20:00:00,574.5,593.7,571.4,582.0,83.324,BIFIUSDT
2022-06-11 00:00:00,581.0,595.8,581.0,587.4,34.008,BIFIUSDT
2022-06-11 04:00:00,587.3,612.1,586.3,602.0,61.615,BIFIUSDT
2022-06-11 08:00:00,606.3,695.3,602.5,603.8,2004.73,BIFIUSDT
2022-06-11 12:00:00,605.3,612.6,564.9,568.3,430.89,BIFIUSDT
2022-06-11 16:00:00,570.8,620.9,563.5,588.6,526.241,BIFIUSDT
2022-06-11 20:00:00,589.5,645.0,570.0,599.8,1236.706,BIFIUSDT
2022-06-12 00:00:00,600.2,619.1,577.5,579.6,410.906,BIFIUSDT
2022-06-12 04:00:00,579.7,583.6,559.9,571.5,200.253,BIFIUSDT
2022-06-12 08:00:00,571.5,573.8,552.2,556.9,211.855,BIFIUSDT
2022-06-12 12:00:00,556.1,585.7,548.9,577.6,270.456,BIFIUSDT
2022-06-12 16:00:00,578.0,587.7,569.2,571.2,247.643,BIFIUSDT
2022-06-12 20:00:00,570.9,575.4,545.6,546.3,167.161,BIFIUSDT
2022-06-13 00:00:00,550.3,551.5,494.8,509.7,328.675,BIFIUSDT
2022-06-13 04:00:00,507.3,521.8,471.7,478.7,236.041,BIFIUSDT
2022-06-13 08:00:00,479.2,500.0,447.2,458.3,777.366,BIFIUSDT
2022-06-13 12:00:00,458.7,459.0,414.8,433.9,948.935,BIFIUSDT
2022-06-13 16:00:00,435.0,459.0,426.6,430.3,620.903,BIFIUSDT
2022-06-13 20:00:00,432.0,454.0,415.4,427.0,633.425,BIFIUSDT
2022-06-14 00:00:00,427.1,434.3,374.3,412.0,934.116,BIFIUSDT
2022-06-14 04:00:00,412.2,436.6,404.2,435.8,630.626,BIFIUSDT
2022-06-14 08:00:00,436.5,439.5,400.7,402.5,571.347,BIFIUSDT
2022-06-14 12:00:00,402.5,438.2,400.9,433.6,591.735,BIFIUSDT
2022-06-14 16:00:00,433.9,437.4,408.8,410.0,427.418,BIFIUSDT
2022-06-14 20:00:00,408.9,413.3,392.0,408.6,349.612,BIFIUSDT
2022-06-15 00:00:00,410.0,411.2,386.0,388.2,440.943,BIFIUSDT
2022-06-15 04:00:00,388.1,395.2,372.4,372.9,443.36,BIFIUSDT
2022-06-15 08:00:00,372.9,386.6,360.3,383.8,530.105,BIFIUSDT
2022-06-15 12:00:00,384.9,403.5,381.2,383.3,488.47,BIFIUSDT
2022-06-15 16:00:00,383.3,414.7,367.0,405.5,828.729,BIFIUSDT
2022-06-15 20:00:00,405.9,428.0,394.4,421.8,794.835,BIFIUSDT
2022-06-16 00:00:00,421.7,434.0,412.5,413.1,442.398,BIFIUSDT
2022-06-16 04:00:00,413.1,417.8,390.0,390.9,433.891,BIFIUSDT
2022-06-16 08:00:00,391.1,397.5,370.0,378.2,581.674,BIFIUSDT
2022-06-16 12:00:00,378.3,388.7,368.6,379.3,593.638,BIFIUSDT
2022-06-16 16:00:00,379.3,387.6,363.3,367.9,492.205,BIFIUSDT
2022-06-16 20:00:00,365.7,376.1,356.4,356.5,365.341,BIFIUSDT
2022-06-17 00:00:00,357.6,373.8,356.2,357.2,370.656,BIFIUSDT
2022-06-17 04:00:00,357.4,372.3,356.5,367.3,304.464,BIFIUSDT
2022-06-17 08:00:00,368.6,373.6,360.9,365.5,489.575,BIFIUSDT
2022-06-17 12:00:00,365.5,366.8,355.5,357.1,337.703,BIFIUSDT
2022-06-17 16:00:00,357.9,360.1,352.6,353.2,377.713,BIFIUSDT
2022-06-17 20:00:00,353.0,360.1,352.6,358.6,329.982,BIFIUSDT
2022-06-18 00:00:00,358.7,359.6,341.6,345.2,292.007,BIFIUSDT
2022-06-18 04:00:00,345.0,345.0,313.8,317.1,853.936,BIFIUSDT
2022-06-18 08:00:00,317.1,324.9,311.5,318.4,547.397,BIFIUSDT
2022-06-18 12:00:00,318.4,321.2,313.0,316.6,385.571,BIFIUSDT
2022-06-18 16:00:00,316.4,320.7,298.5,298.6,617.341,BIFIUSDT
2022-06-18 20:00:00,299.8,321.8,288.3,314.7,805.374,BIFIUSDT
2022-06-19 00:00:00,312.9,321.4,297.3,299.3,425.86,BIFIUSDT
2022-06-19 04:00:00,299.6,302.4,292.5,295.4,249.734,BIFIUSDT
2022-06-19 08:00:00,294.6,321.0,292.2,318.1,661.869,BIFIUSDT
2022-06-19 12:00:00,317.5,330.1,313.4,325.6,361.811,BIFIUSDT
2022-06-19 16:00:00,325.7,330.0,314.9,327.5,237.931,BIFIUSDT
2022-06-19 20:00:00,325.5,440.0,324.0,351.4,2579.521,BIFIUSDT
2022-06-20 00:00:00,351.4,351.6,325.1,334.8,234.829,BIFIUSDT
2022-06-20 04:00:00,334.8,337.3,327.2,335.5,384.915,BIFIUSDT
2022-06-20 08:00:00,335.4,348.3,334.2,346.2,601.259,BIFIUSDT
2022-06-20 12:00:00,346.9,509.7,343.0,362.7,6762.397,BIFIUSDT
2022-06-20 16:00:00,363.4,484.6,361.2,456.4,12645.979,BIFIUSDT
2022-06-20 20:00:00,458.2,470.9,399.3,414.6,4664.075,BIFIUSDT
2022-06-21 00:00:00,413.0,447.0,403.6,432.5,2190.74,BIFIUSDT
2022-06-21 04:00:00,431.3,480.0,422.0,423.3,3907.614,BIFIUSDT
2022-06-21 08:00:00,423.5,442.3,410.4,422.9,2522.982,BIFIUSDT
2022-06-21 12:00:00,421.4,425.0,413.4,417.3,801.606,BIFIUSDT
2022-06-21 16:00:00,417.4,418.2,398.1,400.0,958.151,BIFIUSDT
2022-06-21 20:00:00,399.1,407.0,390.5,396.2,575.416,BIFIUSDT
2022-06-22 00:00:00,397.8,407.1,389.0,390.8,464.304,BIFIUSDT
2022-06-22 04:00:00,390.9,408.7,383.3,391.9,561.439,BIFIUSDT
2022-06-22 08:00:00,391.7,403.5,383.0,393.6,924.757,BIFIUSDT
2022-06-22 12:00:00,393.7,407.1,387.6,390.2,574.805,BIFIUSDT
2022-06-22 16:00:00,389.2,400.8,379.5,386.4,623.026,BIFIUSDT
2022-06-22 20:00:00,386.2,388.4,380.2,384.5,249.818,BIFIUSDT
2022-06-23 00:00:00,383.6,392.6,381.0,386.8,270.326,BIFIUSDT
2022-06-23 04:00:00,386.6,404.4,383.6,397.5,399.98,BIFIUSDT
2022-06-23 08:00:00,395.6,401.2,388.3,391.0,393.511,BIFIUSDT
2022-06-23 12:00:00,391.1,396.1,377.0,378.8,673.069,BIFIUSDT
2022-06-23 16:00:00,378.9,391.2,375.7,390.0,377.06,BIFIUSDT
2022-06-23 20:00:00,389.1,399.6,385.2,394.4,381.326,BIFIUSDT
2022-06-24 00:00:00,394.4,407.0,390.7,391.3,499.119,BIFIUSDT
2022-06-24 04:00:00,391.8,420.0,385.9,410.2,1293.347,BIFIUSDT
2022-06-24 08:00:00,410.1,416.2,402.5,404.6,479.272,BIFIUSDT
2022-06-24 12:00:00,404.7,427.7,403.8,418.0,1269.253,BIFIUSDT
2022-06-24 16:00:00,417.4,582.2,416.5,506.8,13054.684,BIFIUSDT
2022-06-24 20:00:00,508.3,508.4,461.4,462.8,4726.437,BIFIUSDT
2022-06-25 00:00:00,463.3,500.0,460.0,470.7,955.666,BIFIUSDT
2022-06-25 04:00:00,470.7,476.5,457.6,460.0,725.866,BIFIUSDT
2022-06-25 08:00:00,460.0,461.9,440.0,440.0,624.732,BIFIUSDT
2022-06-25 12:00:00,440.9,471.9,423.4,436.9,1601.335,BIFIUSDT
2022-06-25 16:00:00,437.6,460.9,436.9,445.1,1150.49,BIFIUSDT
2022-06-25 20:00:00,445.1,454.9,441.5,444.5,669.877,BIFIUSDT
2022-06-26 00:00:00,443.7,447.2,431.8,433.2,594.602,BIFIUSDT
2022-06-26 04:00:00,433.3,439.1,426.7,433.4,714.011,BIFIUSDT
2022-06-26 08:00:00,433.7,455.2,431.4,447.4,557.412,BIFIUSDT
2022-06-26 12:00:00,450.5,482.2,438.7,442.8,1324.287,BIFIUSDT
2022-06-26 16:00:00,442.8,444.6,430.0,435.5,453.558,BIFIUSDT
2022-06-26 20:00:00,435.5,439.1,422.1,423.7,370.046,BIFIUSDT
2022-06-27 00:00:00,424.1,439.9,423.0,439.0,332.977,BIFIUSDT
2022-06-27 04:00:00,439.0,471.0,438.9,453.8,1586.231,BIFIUSDT
2022-06-27 08:00:00,454.2,508.7,451.4,454.5,4080.877,BIFIUSDT
2022-06-27 12:00:00,454.2,457.4,437.0,446.1,865.715,BIFIUSDT
2022-06-27 16:00:00,446.2,454.5,440.0,441.9,617.153,BIFIUSDT
2022-06-27 20:00:00,441.0,451.2,440.0,440.0,230.035,BIFIUSDT
2022-06-28 00:00:00,440.1,447.9,430.0,435.3,238.448,BIFIUSDT
2022-06-28 04:00:00,433.8,453.2,433.2,446.8,583.052,BIFIUSDT
2022-06-28 08:00:00,446.7,451.3,438.0,441.1,273.233,BIFIUSDT
2022-06-28 12:00:00,440.2,446.0,433.7,433.8,234.808,BIFIUSDT
2022-06-28 16:00:00,433.7,435.0,412.3,417.9,395.835,BIFIUSDT
2022-06-28 20:00:00,417.5,422.8,399.1,402.5,294.782,BIFIUSDT
2022-06-29 00:00:00,402.9,412.5,395.4,401.1,235.736,BIFIUSDT
2022-06-29 04:00:00,400.4,404.2,386.5,397.8,538.008,BIFIUSDT
2022-06-29 08:00:00,398.6,414.7,395.1,405.1,438.167,BIFIUSDT
2022-06-29 12:00:00,404.9,412.2,399.5,406.7,238.563,BIFIUSDT
2022-06-29 16:00:00,408.0,427.2,396.6,417.0,546.468,BIFIUSDT
2022-06-29 20:00:00,417.0,450.0,394.4,396.9,947.362,BIFIUSDT
2022-06-30 00:00:00,397.0,413.2,391.3,409.5,227.465,BIFIUSDT
2022-06-30 04:00:00,409.5,427.6,390.1,391.3,700.685,BIFIUSDT
2022-06-30 08:00:00,391.3,392.3,373.2,384.8,602.802,BIFIUSDT
2022-06-30 12:00:00,385.1,402.1,375.9,388.6,424.976,BIFIUSDT
2022-06-30 16:00:00,389.3,395.0,378.2,381.0,319.098,BIFIUSDT
2022-06-30 20:00:00,382.0,396.0,374.2,393.3,277.809,BIFIUSDT
2022-07-01 00:00:00,393.4,412.1,380.2,391.0,462.63,BIFIUSDT
2022-07-01 04:00:00,391.0,408.9,384.2,408.3,370.319,BIFIUSDT
2022-07-01 08:00:00,408.2,419.7,388.5,396.3,671.937,BIFIUSDT
2022-07-01 12:00:00,398.5,418.2,395.1,408.3,705.981,BIFIUSDT
2022-07-01 16:00:00,409.2,487.7,407.5,412.3,4370.105,BIFIUSDT
2022-07-01 20:00:00,412.3,420.3,397.0,400.0,562.892,BIFIUSDT
2022-07-02 00:00:00,400.5,406.9,390.0,391.9,333.005,BIFIUSDT
2022-07-02 04:00:00,391.9,413.4,389.7,398.4,544.13,BIFIUSDT
2022-07-02 08:00:00,398.6,404.6,393.2,395.0,263.698,BIFIUSDT
2022-07-02 12:00:00,397.8,404.7,394.9,400.8,350.196,BIFIUSDT
2022-07-02 16:00:00,401.5,407.6,399.8,404.6,238.217,BIFIUSDT
2022-07-02 20:00:00,404.6,415.2,402.0,411.6,338.957,BIFIUSDT
2022-07-03 00:00:00,411.5,417.9,403.6,409.9,280.831,BIFIUSDT
2022-07-03 04:00:00,410.1,412.0,394.9,406.3,352.752,BIFIUSDT
2022-07-03 08:00:00,404.1,405.7,397.0,400.2,212.067,BIFIUSDT
2022-07-03 12:00:00,400.6,407.5,398.0,402.0,217.544,BIFIUSDT
2022-07-03 16:00:00,402.0,417.0,400.4,414.5,330.821,BIFIUSDT
2022-07-03 20:00:00,415.1,416.3,402.2,407.8,200.024,BIFIUSDT
2022-07-04 00:00:00,407.0,409.4,400.0,403.1,157.873,BIFIUSDT
2022-07-04 04:00:00,402.6,410.7,401.5,406.5,87.739,BIFIUSDT
2022-07-04 08:00:00,405.1,416.4,403.5,414.9,181.852,BIFIUSDT
2022-07-04 12:00:00,415.5,418.3,408.1,415.1,336.387,BIFIUSDT
2022-07-04 16:00:00,415.0,419.8,412.5,417.2,167.025,BIFIUSDT
2022-07-04 20:00:00,417.4,425.0,410.7,419.6,1150.032,BIFIUSDT
2022-07-05 00:00:00,418.7,423.3,414.7,420.9,130.494,BIFIUSDT
2022-07-05 04:00:00,420.4,429.1,417.6,421.2,270.797,BIFIUSDT
2022-07-05 08:00:00,421.2,421.2,404.0,406.6,367.272,BIFIUSDT
2022-07-05 12:00:00,405.6,408.3,399.4,405.2,208.839,BIFIUSDT
2022-07-05 16:00:00,405.0,422.0,403.9,416.3,604.813,BIFIUSDT
2022-07-05 20:00:00,415.6,421.1,408.3,409.1,410.859,BIFIUSDT
2022-07-06 00:00:00,410.1,412.2,401.3,410.9,107.882,BIFIUSDT
2022-07-06 04:00:00,410.9,418.5,408.5,412.7,137.201,BIFIUSDT
2022-07-06 08:00:00,413.9,415.7,410.1,411.7,86.254,BIFIUSDT
2022-07-06 12:00:00,411.7,416.7,406.1,411.8,231.617,BIFIUSDT
2022-07-06 16:00:00,411.8,418.0,411.6,413.4,121.313,BIFIUSDT
2022-07-06 20:00:00,413.6,429.0,413.0,422.3,858.455,BIFIUSDT
2022-07-07 00:00:00,422.3,423.0,416.4,416.8,81.301,BIFIUSDT
2022-07-07 04:00:00,416.8,419.3,412.2,417.6,126.772,BIFIUSDT
2022-07-07 08:00:00,418.2,431.4,412.5,428.0,398.936,BIFIUSDT
2022-07-07 12:00:00,428.6,440.6,418.1,426.4,836.373,BIFIUSDT
2022-07-07 16:00:00,426.8,439.3,425.1,434.3,284.574,BIFIUSDT
2022-07-07 20:00:00,434.0,440.0,427.7,433.2,508.198,BIFIUSDT
2022-07-08 00:00:00,433.7,444.0,431.9,440.1,476.902,BIFIUSDT
2022-07-08 04:00:00,439.1,441.8,429.5,434.3,156.921,BIFIUSDT
2022-07-08 08:00:00,435.2,460.3,424.5,432.1,1892.154,BIFIUSDT
2022-07-08 12:00:00,432.5,435.7,422.2,433.2,373.298,BIFIUSDT
2022-07-08 16:00:00,432.6,438.1,425.1,432.8,210.461,BIFIUSDT
2022-07-08 20:00:00,432.0,438.8,423.0,426.0,390.029,BIFIUSDT
2022-07-09 00:00:00,425.7,431.6,424.6,427.7,125.005,BIFIUSDT
2022-07-09 04:00:00,428.0,433.8,426.2,432.0,65.106,BIFIUSDT
2022-07-09 08:00:00,432.0,440.0,429.9,433.6,224.261,BIFIUSDT
2022-07-09 12:00:00,433.6,439.5,432.0,433.6,193.852,BIFIUSDT
2022-07-09 16:00:00,433.6,441.1,430.2,432.0,363.262,BIFIUSDT
2022-07-09 20:00:00,432.0,435.2,429.9,430.6,103.345,BIFIUSDT
2022-07-10 00:00:00,430.3,431.1,395.0,414.6,231.371,BIFIUSDT
2022-07-10 04:00:00,415.6,416.0,411.2,415.6,136.933,BIFIUSDT
2022-07-10 08:00:00,415.8,416.8,405.1,408.2,185.986,BIFIUSDT
2022-07-10 12:00:00,408.5,412.7,400.6,406.8,169.929,BIFIUSDT
2022-07-10 16:00:00,407.6,412.5,404.7,407.9,116.448,BIFIUSDT
2022-07-10 20:00:00,408.3,417.0,403.9,406.4,133.427,BIFIUSDT
2022-07-11 00:00:00,407.4,411.3,400.0,402.0,132.278,BIFIUSDT
2022-07-11 04:00:00,402.2,405.0,395.0,400.0,140.657,BIFIUSDT
2022-07-11 08:00:00,400.2,406.9,400.2,402.9,126.092,BIFIUSDT
2022-07-11 12:00:00,402.7,405.3,399.1,402.9,133.524,BIFIUSDT
2022-07-11 16:00:00,402.8,408.4,400.2,400.6,136.906,BIFIUSDT
2022-07-11 20:00:00,400.9,402.5,387.0,388.8,192.598,BIFIUSDT
2022-07-12 00:00:00,388.6,389.0,380.0,381.3,170.824,BIFIUSDT
2022-07-12 04:00:00,381.4,390.3,380.0,382.5,158.638,BIFIUSDT
2022-07-12 08:00:00,382.8,403.1,379.4,403.1,257.199,BIFIUSDT
2022-07-12 12:00:00,403.1,464.4,385.0,389.1,5339.699,BIFIUSDT
2022-07-12 16:00:00,388.8,450.0,388.8,394.4,2531.93,BIFIUSDT
2022-07-12 20:00:00,393.8,398.4,388.2,391.5,239.239,BIFIUSDT
2022-07-13 00:00:00,391.5,409.6,391.1,401.5,552.46,BIFIUSDT
2022-07-13 04:00:00,401.2,408.1,393.7,406.4,501.2,BIFIUSDT
2022-07-13 08:00:00,406.2,445.0,400.4,406.0,3410.513,BIFIUSDT
2022-07-13 12:00:00,405.0,405.1,380.0,398.0,1210.972,BIFIUSDT
2022-07-13 16:00:00,398.0,402.6,389.4,400.9,349.699,BIFIUSDT
2022-07-13 20:00:00,400.6,410.0,394.7,403.9,338.508,BIFIUSDT
2022-07-14 00:00:00,403.8,409.9,399.9,401.5,291.991,BIFIUSDT
2022-07-14 04:00:00,401.4,404.1,398.0,398.7,249.03,BIFIUSDT
2022-07-14 08:00:00,399.6,402.1,391.5,396.9,302.088,BIFIUSDT
2022-07-14 12:00:00,396.9,405.0,390.5,404.0,569.699,BIFIUSDT
2022-07-14 16:00:00,404.0,407.9,397.0,404.0,445.723,BIFIUSDT
2022-07-14 20:00:00,404.0,408.0,399.9,402.8,242.847,BIFIUSDT
2022-07-15 00:00:00,402.6,406.7,397.3,403.9,117.09,BIFIUSDT
2022-07-15 04:00:00,403.5,415.5,402.6,412.1,687.045,BIFIUSDT
2022-07-15 08:00:00,411.3,415.1,403.1,404.5,360.133,BIFIUSDT
2022-07-15 12:00:00,403.2,414.2,403.1,409.3,407.792,BIFIUSDT
2022-07-15 16:00:00,409.6,420.0,406.1,417.6,311.022,BIFIUSDT
2022-07-15 20:00:00,417.1,424.2,408.5,415.9,220.846,BIFIUSDT
2022-07-16 00:00:00,415.5,417.4,408.0,412.9,83.986,BIFIUSDT
2022-07-16 04:00:00,412.9,413.4,405.0,405.1,187.771,BIFIUSDT
2022-07-16 08:00:00,405.8,411.2,403.0,404.9,185.996,BIFIUSDT
2022-07-16 12:00:00,403.8,414.4,403.2,412.3,147.301,BIFIUSDT
2022-07-16 16:00:00,412.4,420.5,411.0,411.8,428.341,BIFIUSDT
2022-07-16 20:00:00,411.5,416.8,408.9,414.8,192.845,BIFIUSDT
2022-07-17 00:00:00,414.8,416.8,409.2,415.1,158.429,BIFIUSDT
2022-07-17 04:00:00,415.6,425.6,413.3,419.2,248.416,BIFIUSDT
2022-07-17 08:00:00,418.9,419.3,412.0,414.8,214.837,BIFIUSDT
2022-07-17 12:00:00,414.9,416.5,410.0,411.9,215.533,BIFIUSDT
2022-07-17 16:00:00,412.5,414.9,408.8,411.5,210.111,BIFIUSDT
2022-07-17 20:00:00,411.3,414.9,408.9,410.4,120.209,BIFIUSDT
2022-07-18 00:00:00,410.2,415.2,405.0,413.0,259.198,BIFIUSDT
2022-07-18 04:00:00,413.5,430.0,411.3,422.9,299.236,BIFIUSDT
2022-07-18 08:00:00,422.9,443.5,420.0,435.5,594.437,BIFIUSDT
2022-07-18 12:00:00,435.6,440.8,426.0,438.3,318.686,BIFIUSDT
2022-07-18 16:00:00,438.3,438.3,425.1,425.7,341.202,BIFIUSDT
2022-07-18 20:00:00,425.7,436.6,423.2,436.6,224.607,BIFIUSDT
2022-07-19 00:00:00,434.8,441.9,427.0,429.6,201.932,BIFIUSDT
2022-07-19 04:00:00,429.7,435.9,424.6,427.5,313.596,BIFIUSDT
2022-07-19 08:00:00,427.0,443.2,425.9,440.3,346.439,BIFIUSDT
2022-07-19 12:00:00,440.3,461.0,437.7,457.8,844.567,BIFIUSDT
2022-07-19 16:00:00,452.7,457.0,439.6,440.2,506.881,BIFIUSDT
2022-07-19 20:00:00,440.4,449.2,440.4,442.2,244.419,BIFIUSDT
2022-07-20 00:00:00,442.6,445.1,436.5,439.8,280.296,BIFIUSDT
2022-07-20 04:00:00,439.6,440.5,425.2,426.9,798.412,BIFIUSDT
2022-07-20 08:00:00,426.8,434.6,425.0,429.2,306.935,BIFIUSDT
2022-07-20 12:00:00,429.2,437.0,424.6,435.9,533.727,BIFIUSDT
2022-07-20 16:00:00,436.0,436.9,420.0,425.7,358.324,BIFIUSDT
2022-07-20 20:00:00,424.7,424.7,410.0,417.4,287.752,BIFIUSDT
2022-07-21 00:00:00,419.6,422.1,400.0,410.2,208.494,BIFIUSDT
2022-07-21 04:00:00,410.4,416.7,404.1,413.2,163.453,BIFIUSDT
2022-07-21 08:00:00,413.2,415.5,408.3,409.1,149.562,BIFIUSDT
2022-07-21 12:00:00,410.1,418.7,409.1,414.3,140.512,BIFIUSDT
2022-07-21 16:00:00,414.3,424.5,414.3,422.5,254.599,BIFIUSDT
2022-07-21 20:00:00,422.4,425.1,417.1,421.5,156.726,BIFIUSDT
2022-07-22 00:00:00,421.0,427.6,418.8,420.9,110.004,BIFIUSDT
2022-07-22 04:00:00,420.7,425.4,418.2,423.9,136.746,BIFIUSDT
2022-07-22 08:00:00,423.4,428.1,421.5,426.1,131.429,BIFIUSDT
2022-07-22 12:00:00,426.7,430.5,418.6,420.6,227.02,BIFIUSDT
2022-07-22 16:00:00,420.2,425.0,412.0,415.5,128.112,BIFIUSDT
2022-07-22 20:00:00,415.1,441.4,414.0,420.4,549.8,BIFIUSDT
2022-07-23 00:00:00,419.9,424.1,417.9,421.4,106.402,BIFIUSDT
2022-07-23 04:00:00,421.5,426.6,421.5,425.2,109.787,BIFIUSDT
2022-07-23 08:00:00,424.8,428.5,420.1,421.5,187.897,BIFIUSDT
2022-07-23 12:00:00,421.6,428.0,418.0,420.0,252.331,BIFIUSDT
2022-07-23 16:00:00,420.0,422.3,414.1,417.1,183.745,BIFIUSDT
2022-07-23 20:00:00,417.7,426.9,410.8,421.7,157.286,BIFIUSDT
2022-07-24 00:00:00,422.4,426.0,420.0,421.1,52.291,BIFIUSDT
2022-07-24 04:00:00,421.1,426.6,420.8,422.9,101.829,BIFIUSDT
2022-07-24 08:00:00,423.6,427.4,421.3,423.6,111.883,BIFIUSDT
2022-07-24 12:00:00,424.1,426.8,416.9,421.9,143.434,BIFIUSDT
2022-07-24 16:00:00,422.2,424.9,420.0,421.8,80.134,BIFIUSDT
2022-07-24 20:00:00,421.2,427.9,419.2,420.5,94.873,BIFIUSDT
2022-07-25 00:00:00,420.2,422.1,410.5,411.2,168.35,BIFIUSDT
2022-07-25 04:00:00,411.2,414.1,408.9,411.3,52.002,BIFIUSDT
2022-07-25 08:00:00,411.6,415.3,410.1,412.1,54.404,BIFIUSDT
2022-07-25 12:00:00,411.7,414.3,404.0,407.2,134.85,BIFIUSDT
2022-07-25 16:00:00,407.7,413.2,402.0,403.7,118.997,BIFIUSDT
2022-07-25 20:00:00,404.4,409.2,399.2,400.3,155.637,BIFIUSDT
2022-07-26 00:00:00,400.6,402.9,392.5,398.9,167.916,BIFIUSDT
2022-07-26 04:00:00,399.6,399.9,395.1,396.8,38.806,BIFIUSDT
2022-07-26 08:00:00,396.7,400.2,395.0,396.4,53.474,BIFIUSDT
2022-07-26 12:00:00,397.7,398.7,389.0,389.0,144.531,BIFIUSDT
2022-07-26 16:00:00,389.3,392.9,384.4,387.9,85.666,BIFIUSDT
2022-07-26 20:00:00,387.3,399.4,386.9,398.6,87.643,BIFIUSDT
2022-07-27 00:00:00,398.9,402.5,395.1,396.5,80.989,BIFIUSDT
2022-07-27 04:00:00,396.4,403.9,395.7,402.5,117.505,BIFIUSDT
2022-07-27 08:00:00,402.6,404.9,399.3,403.0,96.863,BIFIUSDT
2022-07-27 12:00:00,402.8,410.6,399.2,407.5,221.188,BIFIUSDT
2022-07-27 16:00:00,407.5,415.0,395.3,412.5,261.587,BIFIUSDT
2022-07-27 20:00:00,412.4,421.4,402.1,417.8,301.634,BIFIUSDT
2022-07-28 00:00:00,417.9,421.2,413.2,417.6,147.744,BIFIUSDT
2022-07-28 04:00:00,417.1,419.1,415.2,415.6,68.346,BIFIUSDT
2022-07-28 08:00:00,416.2,420.9,413.9,418.1,171.173,BIFIUSDT
2022-07-28 12:00:00,418.4,435.0,415.1,430.5,940.788,BIFIUSDT
2022-07-28 16:00:00,429.6,455.3,427.0,436.1,1090.875,BIFIUSDT
2022-07-28 20:00:00,436.1,439.8,429.2,433.5,196.395,BIFIUSDT
2022-07-29 00:00:00,433.2,448.4,429.5,440.2,259.15,BIFIUSDT
2022-07-29 04:00:00,440.5,448.3,439.1,442.6,284.944,BIFIUSDT
2022-07-29 08:00:00,442.9,462.3,430.0,433.1,945.839,BIFIUSDT
2022-07-29 12:00:00,433.3,446.9,425.1,441.2,603.839,BIFIUSDT
2022-07-29 16:00:00,441.4,451.9,429.4,446.1,480.953,BIFIUSDT
2022-07-29 20:00:00,446.1,459.9,439.1,449.9,307.882,BIFIUSDT
2022-07-30 00:00:00,449.0,458.1,438.2,450.1,363.629,BIFIUSDT
2022-07-30 04:00:00,449.0,450.9,440.4,447.6,263.186,BIFIUSDT
2022-07-30 08:00:00,447.2,452.0,436.2,447.2,144.938,BIFIUSDT
2022-07-30 12:00:00,446.9,487.8,446.9,459.3,1403.372,BIFIUSDT
2022-07-30 16:00:00,459.3,482.9,456.0,461.8,808.682,BIFIUSDT
2022-07-30 20:00:00,461.8,474.9,436.0,441.9,408.798,BIFIUSDT
2022-07-31 00:00:00,441.7,456.1,436.7,454.9,196.388,BIFIUSDT
2022-07-31 04:00:00,454.9,469.9,454.9,459.3,231.725,BIFIUSDT
2022-07-31 08:00:00,459.6,489.4,456.9,467.5,877.687,BIFIUSDT
2022-07-31 12:00:00,465.5,523.0,462.5,468.7,3495.893,BIFIUSDT
2022-07-31 16:00:00,468.7,470.8,449.4,453.6,843.663,BIFIUSDT
2022-07-31 20:00:00,452.9,459.3,438.0,446.3,287.115,BIFIUSDT
2022-08-01 00:00:00,446.2,459.6,442.4,450.3,176.789,BIFIUSDT
2022-08-01 04:00:00,450.4,453.0,437.5,452.6,276.693,BIFIUSDT
2022-08-01 08:00:00,453.5,473.7,443.1,456.8,454.908,BIFIUSDT
2022-08-01 12:00:00,454.3,471.0,445.4,466.2,361.672,BIFIUSDT
2022-08-01 16:00:00,466.2,466.5,446.5,451.6,230.737,BIFIUSDT
2022-08-01 20:00:00,450.4,467.0,449.0,462.4,153.311,BIFIUSDT
2022-08-02 00:00:00,459.7,480.9,446.1,446.5,687.394,BIFIUSDT
2022-08-02 04:00:00,446.8,450.2,438.1,449.6,182.172,BIFIUSDT
2022-08-02 08:00:00,450.0,452.6,443.4,451.3,129.845,BIFIUSDT
2022-08-02 12:00:00,450.8,460.0,446.5,457.6,172.37,BIFIUSDT
2022-08-02 16:00:00,457.4,462.5,453.0,459.0,171.297,BIFIUSDT
2022-08-02 20:00:00,459.0,463.1,454.5,454.5,90.635,BIFIUSDT
2022-08-03 00:00:00,454.5,458.0,447.3,452.6,100.585,BIFIUSDT
2022-08-03 04:00:00,452.6,455.4,451.6,454.9,69.996,BIFIUSDT
2022-08-03 08:00:00,455.5,470.0,455.5,466.2,207.603,BIFIUSDT
2022-08-03 12:00:00,466.3,473.2,460.2,469.7,265.928,BIFIUSDT
2022-08-03 16:00:00,470.4,479.0,468.6,475.2,309.568,BIFIUSDT
2022-08-03 20:00:00,475.2,484.0,459.5,462.9,294.31,BIFIUSDT
2022-08-04 00:00:00,463.9,483.7,461.6,480.5,273.936,BIFIUSDT
2022-08-04 04:00:00,480.5,484.9,469.1,472.7,193.637,BIFIUSDT
2022-08-04 08:00:00,472.5,476.7,463.0,466.2,230.777,BIFIUSDT
2022-08-04 12:00:00,466.1,468.0,456.0,459.8,240.642,BIFIUSDT
2022-08-04 16:00:00,459.0,463.8,453.9,457.6,191.149,BIFIUSDT
2022-08-04 20:00:00,457.6,466.8,455.0,459.6,110.913,BIFIUSDT
2022-08-05 00:00:00,460.2,474.0,458.2,470.5,92.786,BIFIUSDT
2022-08-05 04:00:00,468.8,476.3,465.1,468.3,109.773,BIFIUSDT
2022-08-05 08:00:00,468.9,483.7,467.4,481.4,214.442,BIFIUSDT
2022-08-05 12:00:00,481.5,484.3,467.8,472.3,208.671,BIFIUSDT
2022-08-05 16:00:00,472.2,479.1,469.0,471.9,97.226,BIFIUSDT
2022-08-05 20:00:00,472.5,475.4,463.5,474.2,242.961,BIFIUSDT
2022-08-06 00:00:00,474.3,480.0,472.9,475.0,76.361,BIFIUSDT
2022-08-06 04:00:00,474.7,477.3,471.5,472.7,59.928,BIFIUSDT
2022-08-06 08:00:00,472.5,477.1,468.2,469.1,84.114,BIFIUSDT
2022-08-06 12:00:00,469.1,496.0,469.1,486.4,612.536,BIFIUSDT
2022-08-06 16:00:00,486.4,488.3,480.0,483.5,129.12,BIFIUSDT
2022-08-06 20:00:00,483.5,486.3,476.6,482.5,92.119,BIFIUSDT
2022-08-07 00:00:00,480.8,483.4,473.4,478.0,48.697,BIFIUSDT
2022-08-07 04:00:00,478.0,487.3,474.7,484.0,84.592,BIFIUSDT
2022-08-07 08:00:00,484.7,530.0,472.2,479.5,3215.589,BIFIUSDT
2022-08-07 12:00:00,480.0,483.5,473.0,475.3,231.371,BIFIUSDT
2022-08-07 16:00:00,474.5,480.5,473.3,478.5,127.51,BIFIUSDT
2022-08-07 20:00:00,478.6,484.1,474.0,478.3,117.579,BIFIUSDT
2022-08-08 00:00:00,478.4,489.7,476.0,483.4,200.907,BIFIUSDT
2022-08-08 04:00:00,483.8,489.8,479.0,486.5,216.785,BIFIUSDT
2022-08-08 08:00:00,486.4,492.1,485.0,488.8,228.163,BIFIUSDT
2022-08-08 12:00:00,489.3,490.1,482.2,484.7,199.447,BIFIUSDT
2022-08-08 16:00:00,485.1,488.3,480.2,483.3,96.378,BIFIUSDT
2022-08-08 20:00:00,483.1,487.2,479.7,483.6,98.147,BIFIUSDT
2022-08-09 00:00:00,483.4,489.7,479.9,486.6,46.116,BIFIUSDT
2022-08-09 04:00:00,486.2,489.4,480.0,482.5,78.47,BIFIUSDT
2022-08-09 08:00:00,482.6,483.2,464.1,468.0,159.927,BIFIUSDT
2022-08-09 12:00:00,467.7,469.2,454.1,459.3,174.467,BIFIUSDT
2022-08-09 16:00:00,458.9,459.9,453.0,457.3,97.141,BIFIUSDT
2022-08-09 20:00:00,457.4,467.5,456.5,465.0,69.117,BIFIUSDT
2022-08-10 00:00:00,463.2,464.7,451.0,453.2,175.628,BIFIUSDT
2022-08-10 04:00:00,452.6,458.7,451.6,456.9,54.153,BIFIUSDT
2022-08-10 08:00:00,457.2,460.0,452.9,456.3,133.654,BIFIUSDT
2022-08-10 12:00:00,456.9,477.9,454.7,473.7,309.825,BIFIUSDT
2022-08-10 16:00:00,473.7,474.3,463.0,464.0,78.465,BIFIUSDT
2022-08-10 20:00:00,464.2,474.2,464.2,470.3,66.355,BIFIUSDT
2022-08-11 00:00:00,471.0,477.4,468.0,475.8,123.01,BIFIUSDT
2022-08-11 04:00:00,474.9,483.0,462.0,473.9,209.676,BIFIUSDT
2022-08-11 08:00:00,473.7,476.7,467.5,471.1,96.975,BIFIUSDT
2022-08-11 12:00:00,471.4,474.1,467.6,471.8,200.854,BIFIUSDT
2022-08-11 16:00:00,472.2,473.6,471.1,472.7,45.853,BIFIUSDT
2022-08-11 20:00:00,472.6,474.1,468.8,471.9,51.236,BIFIUSDT
2022-08-12 00:00:00,472.6,476.0,464.5,472.4,112.138,BIFIUSDT
2022-08-12 04:00:00,472.4,473.9,469.3,470.8,30.114,BIFIUSDT
2022-08-12 08:00:00,471.8,476.9,462.4,464.3,112.973,BIFIUSDT
2022-08-12 12:00:00,464.2,474.0,463.7,469.8,88.258,BIFIUSDT
2022-08-12 16:00:00,470.8,471.7,468.1,470.3,31.667,BIFIUSDT
2022-08-12 20:00:00,472.0,481.5,468.9,477.1,179.267,BIFIUSDT
2022-08-13 00:00:00,477.1,480.0,474.8,479.9,113.022,BIFIUSDT
2022-08-13 04:00:00,478.9,488.0,476.4,480.4,125.821,BIFIUSDT
2022-08-13 08:00:00,479.7,487.9,478.6,482.2,99.481,BIFIUSDT
2022-08-13 12:00:00,482.1,484.1,479.6,480.2,86.38,BIFIUSDT
2022-08-13 16:00:00,480.3,482.6,477.5,478.9,82.493,BIFIUSDT
2022-08-13 20:00:00,478.1,481.4,477.1,477.2,28.086,BIFIUSDT
2022-08-14 00:00:00,477.8,480.4,475.8,479.4,60.204,BIFIUSDT
2022-08-14 04:00:00,479.4,484.0,477.9,480.0,48.768,BIFIUSDT
2022-08-14 08:00:00,480.7,483.2,477.0,478.0,50.75,BIFIUSDT
2022-08-14 12:00:00,478.0,479.0,473.3,477.5,75.192,BIFIUSDT
2022-08-14 16:00:00,478.5,480.7,466.8,470.3,84.153,BIFIUSDT
2022-08-14 20:00:00,469.9,472.4,465.0,466.4,51.802,BIFIUSDT
2022-08-15 00:00:00,466.5,478.3,466.5,471.7,81.949,BIFIUSDT
2022-08-15 04:00:00,471.5,473.7,454.0,458.4,90.339,BIFIUSDT
2022-08-15 08:00:00,460.7,464.4,456.0,459.5,50.828,BIFIUSDT
2022-08-15 12:00:00,460.3,462.5,456.2,461.8,44.639,BIFIUSDT
2022-08-15 16:00:00,460.9,462.3,458.0,459.2,58.8,BIFIUSDT
2022-08-15 20:00:00,458.3,462.6,453.4,456.9,70.475,BIFIUSDT
2022-08-16 00:00:00,456.4,460.1,452.0,454.9,89.173,BIFIUSDT
2022-08-16 04:00:00,454.8,459.0,451.4,453.1,51.446,BIFIUSDT
2022-08-16 08:00:00,454.2,461.6,453.1,453.8,42.243,BIFIUSDT
2022-08-16 12:00:00,455.8,460.4,453.3,455.2,44.846,BIFIUSDT
2022-08-16 16:00:00,455.3,457.2,453.3,454.9,35.102,BIFIUSDT
2022-08-16 20:00:00,454.9,458.6,453.5,454.6,22.918,BIFIUSDT
2022-08-17 00:00:00,455.8,458.6,455.6,458.1,10.087,BIFIUSDT
2022-08-17 04:00:00,457.5,464.7,452.2,453.6,74.269,BIFIUSDT
2022-08-17 08:00:00,455.2,461.5,452.1,453.8,102.503,BIFIUSDT
2022-08-17 12:00:00,452.7,452.7,337.7,428.9,463.199,BIFIUSDT
2022-08-17 16:00:00,428.1,431.8,426.4,428.7,107.143,BIFIUSDT
2022-08-17 20:00:00,428.7,429.6,420.0,425.0,60.263,BIFIUSDT
2022-08-18 00:00:00,423.6,433.0,421.3,432.0,71.952,BIFIUSDT
2022-08-18 04:00:00,429.6,433.0,428.1,431.9,24.494,BIFIUSDT
2022-08-18 08:00:00,431.9,436.8,430.4,434.9,62.614,BIFIUSDT
2022-08-18 12:00:00,434.9,439.7,430.8,436.9,51.178,BIFIUSDT
2022-08-18 16:00:00,437.1,437.5,428.6,433.8,58.267,BIFIUSDT
2022-08-18 20:00:00,432.8,436.6,417.0,419.5,68.368,BIFIUSDT
2022-08-19 00:00:00,419.3,421.0,395.8,407.0,128.534,BIFIUSDT
2022-08-19 04:00:00,406.4,410.5,388.0,394.8,126.291,BIFIUSDT
2022-08-19 08:00:00,391.9,392.4,372.6,388.2,447.205,BIFIUSDT
2022-08-19 12:00:00,388.4,395.7,386.3,393.1,64.231,BIFIUSDT
2022-08-19 16:00:00,393.1,403.0,392.7,400.9,88.615,BIFIUSDT
2022-08-19 20:00:00,398.6,400.3,383.7,389.7,76.349,BIFIUSDT
2022-08-20 00:00:00,388.3,398.0,386.7,395.4,42.535,BIFIUSDT
2022-08-20 04:00:00,397.3,403.2,393.7,402.3,52.579,BIFIUSDT
2022-08-20 08:00:00,402.5,403.0,392.8,397.2,233.197,BIFIUSDT
2022-08-20 12:00:00,396.7,398.5,395.8,396.6,51.917,BIFIUSDT
2022-08-20 16:00:00,397.5,397.7,383.1,385.5,94.65,BIFIUSDT
2022-08-20 20:00:00,384.9,386.4,375.4,384.6,105.326,BIFIUSDT
2022-08-21 00:00:00,384.9,394.5,384.6,393.6,83.028,BIFIUSDT
2022-08-21 04:00:00,393.8,398.2,389.7,396.8,36.901,BIFIUSDT
2022-08-21 08:00:00,397.6,406.7,395.3,402.6,125.549,BIFIUSDT
2022-08-21 12:00:00,403.4,405.4,395.0,399.5,36.614,BIFIUSDT
2022-08-21 16:00:00,399.1,403.6,398.6,403.6,38.38,BIFIUSDT
2022-08-21 20:00:00,402.4,406.0,400.7,404.4,27.364,BIFIUSDT
2022-08-22 00:00:00,403.7,404.0,400.9,400.9,22.263,BIFIUSDT
2022-08-22 04:00:00,402.4,402.4,381.7,389.5,50.19,BIFIUSDT
2022-08-22 08:00:00,389.5,400.8,385.3,395.4,99.138,BIFIUSDT
2022-08-22 12:00:00,395.9,397.0,392.6,396.7,46.005,BIFIUSDT
2022-08-22 16:00:00,396.9,397.5,390.9,395.0,33.59,BIFIUSDT
2022-08-22 20:00:00,395.2,401.1,395.2,401.0,40.912,BIFIUSDT
2022-08-23 00:00:00,401.1,404.5,397.9,401.2,37.099,BIFIUSDT
2022-08-23 04:00:00,401.7,403.5,388.0,397.2,58.198,BIFIUSDT
2022-08-23 08:00:00,397.2,406.2,397.2,399.8,67.551,BIFIUSDT
2022-08-23 12:00:00,400.5,408.5,398.8,403.6,61.54,BIFIUSDT
2022-08-23 16:00:00,403.6,404.2,397.3,403.3,81.506,BIFIUSDT
2022-08-23 20:00:00,403.4,409.2,402.3,407.0,38.078,BIFIUSDT
2022-08-24 00:00:00,407.3,408.9,396.1,398.7,56.143,BIFIUSDT
2022-08-24 04:00:00,399.4,402.4,394.9,397.5,53.726,BIFIUSDT
2022-08-24 08:00:00,397.6,403.4,397.6,402.2,40.92,BIFIUSDT
2022-08-24 12:00:00,401.8,403.8,400.2,403.1,57.593,BIFIUSDT
2022-08-24 16:00:00,403.4,412.1,403.4,406.6,170.191,BIFIUSDT
2022-08-24 20:00:00,406.8,415.0,403.1,403.7,505.22,BIFIUSDT
2022-08-25 00:00:00,404.8,415.0,403.4,408.4,39.358,BIFIUSDT
2022-08-25 04:00:00,408.0,416.7,407.8,415.7,66.491,BIFIUSDT
2022-08-25 08:00:00,415.2,419.7,409.7,415.0,69.824,BIFIUSDT
2022-08-25 12:00:00,414.9,417.1,408.3,412.0,57.19,BIFIUSDT
2022-08-25 16:00:00,410.7,419.2,409.3,415.4,58.135,BIFIUSDT
2022-08-25 20:00:00,415.5,420.0,413.2,418.1,19.271,BIFIUSDT
2022-08-26 00:00:00,417.8,417.8,411.7,416.0,21.381,BIFIUSDT
2022-08-26 04:00:00,414.8,414.8,401.8,404.6,72.312,BIFIUSDT
2022-08-26 08:00:00,404.7,408.7,395.0,399.2,55.139,BIFIUSDT
2022-08-26 12:00:00,399.8,413.6,381.1,389.9,221.934,BIFIUSDT
2022-08-26 16:00:00,391.0,401.1,388.8,393.4,206.269,BIFIUSDT
2022-08-26 20:00:00,393.4,397.6,384.4,388.4,215.104,BIFIUSDT
2022-08-27 00:00:00,387.3,399.9,387.0,394.1,79.415,BIFIUSDT
2022-08-27 04:00:00,393.1,395.7,390.7,394.5,57.67,BIFIUSDT
2022-08-27 08:00:00,395.9,397.3,390.1,395.3,75.999,BIFIUSDT
2022-08-27 12:00:00,395.1,406.3,390.0,394.4,173.872,BIFIUSDT
2022-08-27 16:00:00,394.4,394.4,388.6,390.0,92.196,BIFIUSDT
2022-08-27 20:00:00,390.1,392.3,387.0,388.9,63.619,BIFIUSDT
2022-08-28 00:00:00,388.9,392.7,386.6,390.8,31.271,BIFIUSDT
2022-08-28 04:00:00,390.7,393.0,388.5,393.0,24.843,BIFIUSDT
2022-08-28 08:00:00,393.0,394.3,385.0,388.9,67.196,BIFIUSDT
2022-08-28 12:00:00,388.5,389.6,385.9,389.6,33.546,BIFIUSDT
2022-08-28 16:00:00,389.7,393.1,389.3,391.4,21.902,BIFIUSDT
2022-08-28 20:00:00,390.5,392.3,380.0,380.1,43.258,BIFIUSDT
2022-08-29 00:00:00,380.9,384.2,379.6,384.2,62.223,BIFIUSDT
2022-08-29 04:00:00,384.8,384.8,380.3,381.8,20.588,BIFIUSDT
2022-08-29 08:00:00,383.3,383.3,374.7,381.1,87.777,BIFIUSDT
2022-08-29 12:00:00,381.3,394.8,381.3,391.6,77.974,BIFIUSDT
2022-08-29 16:00:00,392.0,394.0,390.6,392.1,30.615,BIFIUSDT
2022-08-29 20:00:00,393.2,398.2,391.1,396.8,41.866,BIFIUSDT
2022-08-30 00:00:00,397.8,398.8,392.1,395.1,26.482,BIFIUSDT
2022-08-30 04:00:00,395.9,405.0,394.4,399.4,95.092,BIFIUSDT
2022-08-30 08:00:00,401.0,407.4,397.2,401.5,90.471,BIFIUSDT
2022-08-30 12:00:00,401.5,402.4,390.6,391.2,52.848,BIFIUSDT
2022-08-30 16:00:00,391.6,397.3,385.9,393.5,90.196,BIFIUSDT
2022-08-30 20:00:00,393.0,393.4,388.1,388.2,41.103,BIFIUSDT
2022-08-31 00:00:00,388.3,398.8,388.3,398.8,24.488,BIFIUSDT
2022-08-31 04:00:00,398.8,402.3,393.0,393.0,86.268,BIFIUSDT
2022-08-31 08:00:00,394.2,396.6,387.1,390.4,51.77,BIFIUSDT
2022-08-31 12:00:00,391.8,391.9,385.0,388.2,41.469,BIFIUSDT
2022-08-31 16:00:00,389.4,389.7,384.2,388.0,31.073,BIFIUSDT
2022-08-31 20:00:00,386.6,388.5,383.1,383.2,68.125,BIFIUSDT
2022-09-01 00:00:00,384.0,384.6,380.4,382.0,54.409,BIFIUSDT
2022-09-01 04:00:00,383.1,383.5,377.5,381.5,130.381,BIFIUSDT
2022-09-01 08:00:00,381.0,384.2,378.1,384.2,34.802,BIFIUSDT
2022-09-01 12:00:00,383.2,387.2,375.8,380.3,103.426,BIFIUSDT
2022-09-01 16:00:00,379.2,384.1,376.1,383.2,75.667,BIFIUSDT
2022-09-01 20:00:00,383.5,389.8,383.1,389.5,29.794,BIFIUSDT
2022-09-02 00:00:00,389.5,391.0,383.5,389.8,17.49,BIFIUSDT
2022-09-02 04:00:00,389.8,398.2,386.6,395.4,253.012,BIFIUSDT
2022-09-02 08:00:00,393.7,405.0,391.5,396.8,205.359,BIFIUSDT
2022-09-02 12:00:00,397.1,404.5,394.5,401.2,136.018,BIFIUSDT
2022-09-02 16:00:00,400.6,400.6,376.7,382.0,224.015,BIFIUSDT
2022-09-02 20:00:00,382.0,385.3,380.3,383.9,255.109,BIFIUSDT
2022-09-03 00:00:00,384.2,384.2,380.3,381.0,84.118,BIFIUSDT
2022-09-03 04:00:00,381.0,383.3,380.4,380.4,45.549,BIFIUSDT
2022-09-03 08:00:00,380.4,382.9,378.0,381.4,62.251,BIFIUSDT
2022-09-03 12:00:00,381.9,383.9,379.8,382.7,13.751,BIFIUSDT
2022-09-03 16:00:00,382.7,382.7,379.8,380.0,19.765,BIFIUSDT
2022-09-03 20:00:00,379.8,383.8,379.8,382.1,24.818,BIFIUSDT
2022-09-04 00:00:00,382.0,388.4,381.4,385.1,13.351,BIFIUSDT
2022-09-04 04:00:00,385.5,385.5,380.9,381.7,13.765,BIFIUSDT
2022-09-04 08:00:00,380.9,385.4,380.0,381.9,25.025,BIFIUSDT
2022-09-04 12:00:00,382.2,386.4,380.5,381.7,46.451,BIFIUSDT
2022-09-04 16:00:00,382.0,385.0,380.5,383.2,45.221,BIFIUSDT
2022-09-04 20:00:00,383.7,386.9,382.1,386.4,39.808,BIFIUSDT
2022-09-05 00:00:00,385.9,387.5,382.3,383.5,17.305,BIFIUSDT
2022-09-05 04:00:00,384.3,386.4,380.1,381.5,35.593,BIFIUSDT
2022-09-05 08:00:00,381.5,384.6,380.4,380.9,29.444,BIFIUSDT
2022-09-05 12:00:00,381.3,386.1,379.0,383.3,60.168,BIFIUSDT
2022-09-05 16:00:00,383.9,385.9,379.4,383.2,65.652,BIFIUSDT
2022-09-05 20:00:00,384.3,385.6,381.4,383.2,31.995,BIFIUSDT
2022-09-06 00:00:00,383.0,392.0,378.8,384.5,139.201,BIFIUSDT
2022-09-06 04:00:00,384.6,389.9,379.3,386.2,50.097,BIFIUSDT
2022-09-06 08:00:00,386.7,389.1,381.4,382.0,94.217,BIFIUSDT
2022-09-06 12:00:00,381.6,382.7,373.7,378.7,91.754,BIFIUSDT
2022-09-06 16:00:00,378.8,378.9,357.0,357.8,401.797,BIFIUSDT
2022-09-06 20:00:00,358.5,360.0,353.4,353.4,69.87,BIFIUSDT
2022-09-07 00:00:00,354.7,356.0,350.2,353.3,62.02,BIFIUSDT
2022-09-07 04:00:00,352.5,359.4,350.8,356.4,108.348,BIFIUSDT
2022-09-07 08:00:00,356.5,356.7,354.0,355.4,43.305,BIFIUSDT
2022-09-07 12:00:00,355.6,363.1,355.4,361.8,81.297,BIFIUSDT
2022-09-07 16:00:00,361.6,368.4,360.9,366.3,52.34,BIFIUSDT
2022-09-07 20:00:00,366.3,375.2,366.3,372.6,82.89,BIFIUSDT
2022-09-08 00:00:00,373.0,374.9,371.1,373.8,32.865,BIFIUSDT
2022-09-08 04:00:00,374.0,376.8,367.0,369.3,57.517,BIFIUSDT
2022-09-08 08:00:00,369.3,373.0,367.5,370.5,43.372,BIFIUSDT
2022-09-08 12:00:00,370.9,374.3,363.5,371.9,126.379,BIFIUSDT
2022-09-08 16:00:00,372.0,378.7,366.3,376.0,95.681,BIFIUSDT
2022-09-08 20:00:00,376.3,378.3,368.9,371.9,58.275,BIFIUSDT
2022-09-09 00:00:00,371.9,380.3,371.4,379.3,155.373,BIFIUSDT
2022-09-09 04:00:00,380.0,384.1,379.1,379.7,109.391,BIFIUSDT
2022-09-09 08:00:00,379.7,385.7,378.7,379.6,129.852,BIFIUSDT
2022-09-09 12:00:00,379.7,386.8,378.4,382.0,141.173,BIFIUSDT
2022-09-09 16:00:00,381.7,384.9,375.8,381.8,53.533,BIFIUSDT
2022-09-09 20:00:00,381.1,386.9,380.0,385.0,36.458,BIFIUSDT
2022-09-10 00:00:00,384.2,394.8,381.8,391.7,139.032,BIFIUSDT
2022-09-10 04:00:00,392.0,398.0,388.6,389.1,119.693,BIFIUSDT
2022-09-10 08:00:00,389.9,398.1,389.1,394.8,72.335,BIFIUSDT
2022-09-10 12:00:00,395.3,398.6,390.0,390.0,54.163,BIFIUSDT
2022-09-10 16:00:00,390.2,398.1,388.6,395.4,140.667,BIFIUSDT
2022-09-10 20:00:00,394.9,405.0,394.1,402.1,253.839,BIFIUSDT
2022-09-11 00:00:00,402.5,408.9,399.6,400.3,80.675,BIFIUSDT
2022-09-11 04:00:00,401.0,408.0,399.3,403.6,98.752,BIFIUSDT
2022-09-11 08:00:00,406.1,409.0,394.6,396.3,270.565,BIFIUSDT
2022-09-11 12:00:00,396.2,398.8,389.7,394.9,82.165,BIFIUSDT
2022-09-11 16:00:00,394.2,396.2,387.9,392.0,89.509,BIFIUSDT
2022-09-11 20:00:00,392.0,394.0,386.7,390.9,58.977,BIFIUSDT
2022-09-12 00:00:00,390.9,393.8,377.9,385.1,119.236,BIFIUSDT
2022-09-12 04:00:00,386.5,390.5,383.9,389.4,69.004,BIFIUSDT
2022-09-12 08:00:00,388.6,393.4,382.0,391.8,150.376,BIFIUSDT
2022-09-12 12:00:00,391.8,394.9,381.1,382.1,90.565,BIFIUSDT
2022-09-12 16:00:00,381.7,383.6,378.0,383.5,92.305,BIFIUSDT
2022-09-12 20:00:00,383.2,383.4,379.1,381.0,27.581,BIFIUSDT
2022-09-13 00:00:00,380.8,380.9,376.1,378.8,41.894,BIFIUSDT
2022-09-13 04:00:00,380.7,385.3,380.0,383.8,65.199,BIFIUSDT
2022-09-13 08:00:00,383.3,385.5,381.3,383.3,21.587,BIFIUSDT
2022-09-13 12:00:00,384.1,386.2,361.4,364.9,243.82,BIFIUSDT
2022-09-13 16:00:00,365.2,370.1,361.8,364.6,69.011,BIFIUSDT
2022-09-13 20:00:00,363.7,368.2,360.1,360.7,172.434,BIFIUSDT
2022-09-14 00:00:00,362.4,366.2,362.4,364.1,10.846,BIFIUSDT
2022-09-14 04:00:00,364.0,366.8,360.1,360.2,127.035,BIFIUSDT
2022-09-14 08:00:00,360.1,363.4,357.3,361.1,61.296,BIFIUSDT
2022-09-14 12:00:00,361.0,363.9,357.3,360.1,119.779,BIFIUSDT
2022-09-14 16:00:00,360.1,360.7,353.2,359.3,112.755,BIFIUSDT
2022-09-14 20:00:00,358.8,362.2,356.3,359.6,62.262,BIFIUSDT
2022-09-15 00:00:00,359.9,361.3,352.0,356.1,51.429,BIFIUSDT
2022-09-15 04:00:00,355.8,366.4,351.8,359.7,60.085,BIFIUSDT
2022-09-15 08:00:00,359.0,363.3,355.0,358.1,59.955,BIFIUSDT
2022-09-15 12:00:00,357.8,358.9,347.9,352.4,78.72,BIFIUSDT
2022-09-15 16:00:00,352.7,360.9,352.4,353.6,39.597,BIFIUSDT
2022-09-15 20:00:00,355.3,357.6,344.0,348.3,78.19,BIFIUSDT
2022-09-16 00:00:00,347.5,352.9,347.0,351.5,31.512,BIFIUSDT
2022-09-16 04:00:00,352.7,353.4,349.0,349.1,17.206,BIFIUSDT
2022-09-16 08:00:00,350.8,355.0,347.9,353.1,27.529,BIFIUSDT
2022-09-16 12:00:00,352.5,355.0,346.6,351.1,180.532,BIFIUSDT
2022-09-16 16:00:00,354.4,354.8,347.2,352.1,47.653,BIFIUSDT
2022-09-16 20:00:00,352.5,357.1,350.3,354.5,70.747,BIFIUSDT
2022-09-17 00:00:00,356.0,362.3,356.0,360.0,55.885,BIFIUSDT
2022-09-17 04:00:00,360.1,361.0,358.1,359.4,13.66,BIFIUSDT
2022-09-17 08:00:00,360.4,363.8,355.4,361.2,78.473,BIFIUSDT
2022-09-17 12:00:00,362.1,371.4,362.0,368.6,176.51,BIFIUSDT
2022-09-17 16:00:00,368.9,373.6,363.2,369.9,108.783,BIFIUSDT
2022-09-17 20:00:00,369.9,371.9,368.4,370.9,42.282,BIFIUSDT
2022-09-18 00:00:00,370.9,371.9,368.2,369.6,30.813,BIFIUSDT
2022-09-18 04:00:00,369.8,371.8,369.8,370.9,9.71,BIFIUSDT
2022-09-18 08:00:00,370.9,374.0,363.1,367.2,63.609,BIFIUSDT
2022-09-18 12:00:00,367.1,372.9,359.1,361.7,65.157,BIFIUSDT
2022-09-18 16:00:00,361.3,367.1,352.7,357.9,248.689,BIFIUSDT
2022-09-18 20:00:00,357.3,357.3,341.2,346.3,245.909,BIFIUSDT
2022-09-19 00:00:00,346.5,350.5,335.5,339.5,96.495,BIFIUSDT
2022-09-19 04:00:00,339.6,343.0,335.6,340.4,50.931,BIFIUSDT
2022-09-19 08:00:00,340.1,346.4,335.5,342.8,57.796,BIFIUSDT
2022-09-19 12:00:00,343.4,352.0,342.1,347.9,81.7,BIFIUSDT
2022-09-19 16:00:00,348.3,350.7,342.4,348.7,30.324,BIFIUSDT
2022-09-19 20:00:00,350.6,352.9,346.0,350.6,34.844,BIFIUSDT
2022-09-20 00:00:00,349.1,351.6,344.5,347.5,14.063,BIFIUSDT
2022-09-20 04:00:00,348.2,351.4,344.7,346.5,19.392,BIFIUSDT
2022-09-20 08:00:00,346.5,358.9,346.5,352.9,312.119,BIFIUSDT
2022-09-20 12:00:00,352.6,352.6,339.2,352.5,196.74,BIFIUSDT
2022-09-20 16:00:00,352.6,354.0,346.4,350.6,58.485,BIFIUSDT
2022-09-20 20:00:00,350.0,352.9,340.7,343.9,79.815,BIFIUSDT
2022-09-21 00:00:00,343.2,345.8,341.6,343.6,49.605,BIFIUSDT
2022-09-21 04:00:00,343.9,345.8,334.8,339.9,53.488,BIFIUSDT
2022-09-21 08:00:00,340.4,343.3,337.3,343.2,38.599,BIFIUSDT
2022-09-21 12:00:00,343.0,345.7,339.5,342.3,37.991,BIFIUSDT
2022-09-21 16:00:00,342.8,356.3,338.3,342.6,117.118,BIFIUSDT
2022-09-21 20:00:00,342.5,342.8,333.0,337.5,39.29,BIFIUSDT
2022-09-22 00:00:00,337.2,342.7,335.5,340.5,39.698,BIFIUSDT
2022-09-22 04:00:00,340.3,343.9,335.0,342.6,74.91,BIFIUSDT
2022-09-22 08:00:00,343.0,348.0,343.0,344.3,47.739,BIFIUSDT
2022-09-22 12:00:00,345.6,347.9,338.6,340.9,63.782,BIFIUSDT
2022-09-22 16:00:00,340.9,349.4,337.8,347.0,63.376,BIFIUSDT
2022-09-22 20:00:00,347.3,352.5,345.4,349.6,36.381,BIFIUSDT
2022-09-23 00:00:00,349.5,351.7,345.2,350.4,50.337,BIFIUSDT
2022-09-23 04:00:00,350.0,354.4,348.3,349.0,65.767,BIFIUSDT
2022-09-23 08:00:00,349.7,349.9,341.8,343.4,25.067,BIFIUSDT
2022-09-23 12:00:00,343.3,346.8,336.9,340.3,76.007,BIFIUSDT
2022-09-23 16:00:00,341.6,343.7,337.3,340.4,56.936,BIFIUSDT
2022-09-23 20:00:00,342.0,346.7,342.0,345.0,25.257,BIFIUSDT
2022-09-24 00:00:00,345.5,347.8,342.8,344.6,18.058,BIFIUSDT
2022-09-24 04:00:00,345.3,348.7,344.0,345.6,32.06,BIFIUSDT
2022-09-24 08:00:00,345.7,350.0,343.6,347.2,34.609,BIFIUSDT
2022-09-24 12:00:00,346.8,351.2,346.2,346.6,41.914,BIFIUSDT
2022-09-24 16:00:00,347.2,349.2,345.1,346.2,39.727,BIFIUSDT
2022-09-24 20:00:00,346.2,346.2,340.9,344.0,17.286,BIFIUSDT
2022-09-25 00:00:00,344.2,348.3,344.2,345.0,11.801,BIFIUSDT
2022-09-25 04:00:00,345.2,346.8,345.0,346.7,4.732,BIFIUSDT
2022-09-25 08:00:00,346.7,349.3,345.3,346.8,14.21,BIFIUSDT
2022-09-25 12:00:00,347.4,348.4,343.9,345.6,22.701,BIFIUSDT
2022-09-25 16:00:00,345.4,345.4,341.5,345.1,9.58,BIFIUSDT
2022-09-25 20:00:00,344.2,344.3,338.0,340.9,30.99,BIFIUSDT
2022-09-26 00:00:00,341.7,344.9,336.8,339.4,68.596,BIFIUSDT
2022-09-26 04:00:00,339.1,339.9,334.3,338.0,60.644,BIFIUSDT
2022-09-26 08:00:00,339.4,344.9,336.3,337.1,50.74,BIFIUSDT
2022-09-26 12:00:00,337.4,343.6,336.9,340.1,39.117,BIFIUSDT
2022-09-26 16:00:00,339.7,342.9,336.7,341.0,40.716,BIFIUSDT
2022-09-26 20:00:00,341.0,343.0,339.3,343.0,5.554,BIFIUSDT
2022-09-27 00:00:00,344.3,349.8,341.6,348.0,47.504,BIFIUSDT
2022-09-27 04:00:00,347.9,352.7,346.6,347.7,141.829,BIFIUSDT
2022-09-27 08:00:00,347.2,351.1,345.3,345.9,90.151,BIFIUSDT
2022-09-27 12:00:00,346.2,349.7,340.0,341.7,140.721,BIFIUSDT
2022-09-27 16:00:00,342.5,342.6,333.4,337.6,180.97,BIFIUSDT
2022-09-27 20:00:00,335.6,339.3,333.7,336.7,41.437,BIFIUSDT
2022-09-28 00:00:00,336.5,338.6,330.0,332.0,31.372,BIFIUSDT
2022-09-28 04:00:00,331.3,333.6,329.4,331.1,23.474,BIFIUSDT
2022-09-28 08:00:00,330.9,335.2,327.0,329.3,80.885,BIFIUSDT
2022-09-28 12:00:00,329.8,337.5,329.7,335.6,81.483,BIFIUSDT
2022-09-28 16:00:00,335.4,340.2,334.6,336.9,106.708,BIFIUSDT
2022-09-28 20:00:00,336.3,339.7,333.6,336.9,115.254,BIFIUSDT
2022-09-29 00:00:00,338.1,340.3,336.8,340.3,45.888,BIFIUSDT
2022-09-29 04:00:00,340.0,342.1,337.9,339.2,37.352,BIFIUSDT
2022-09-29 08:00:00,339.0,344.7,339.0,342.5,43.246,BIFIUSDT
2022-09-29 12:00:00,342.9,344.4,335.0,339.1,182.467,BIFIUSDT
2022-09-29 16:00:00,339.6,341.6,337.9,339.8,45.65,BIFIUSDT
2022-09-29 20:00:00,339.9,340.6,338.2,340.6,13.62,BIFIUSDT
2022-09-30 00:00:00,340.8,340.8,338.4,339.2,17.188,BIFIUSDT
2022-09-30 04:00:00,339.8,343.8,339.1,341.4,70.972,BIFIUSDT
2022-09-30 08:00:00,341.4,343.0,338.7,338.7,55.866,BIFIUSDT
2022-09-30 12:00:00,339.9,344.6,337.1,341.5,47.527,BIFIUSDT
2022-09-30 16:00:00,341.8,343.7,337.2,338.1,75.849,BIFIUSDT
2022-09-30 20:00:00,337.5,341.2,335.0,337.5,77.764,BIFIUSDT
2022-10-01 00:00:00,337.6,338.9,336.0,337.6,38.411,BIFIUSDT
2022-10-01 04:00:00,337.6,339.5,335.9,337.2,23.803,BIFIUSDT
2022-10-01 08:00:00,337.4,338.9,336.5,337.3,60.543,BIFIUSDT
2022-10-01 12:00:00,337.3,338.0,335.1,336.7,37.652,BIFIUSDT
2022-10-01 16:00:00,336.4,336.9,332.8,334.5,99.572,BIFIUSDT
2022-10-01 20:00:00,334.5,336.3,332.2,334.1,56.666,BIFIUSDT
2022-10-02 00:00:00,334.3,335.1,333.7,333.8,4.059,BIFIUSDT
2022-10-02 04:00:00,334.1,336.7,333.8,334.9,14.718,BIFIUSDT
2022-10-02 08:00:00,335.1,344.8,332.2,337.6,340.207,BIFIUSDT
2022-10-02 12:00:00,337.4,360.0,331.3,333.3,1376.513,BIFIUSDT
2022-10-02 16:00:00,333.2,336.4,332.6,335.9,53.899,BIFIUSDT
2022-10-02 20:00:00,335.7,336.5,330.4,331.4,66.106,BIFIUSDT
2022-10-03 00:00:00,331.2,333.7,330.5,332.8,24.65,BIFIUSDT
2022-10-03 04:00:00,332.5,332.9,329.2,330.9,39.236,BIFIUSDT
2022-10-03 08:00:00,330.9,331.6,326.7,329.5,91.428,BIFIUSDT
2022-10-03 12:00:00,329.6,334.0,329.6,334.0,33.653,BIFIUSDT
2022-10-03 16:00:00,332.5,334.1,331.9,333.2,22.768,BIFIUSDT
2022-10-03 20:00:00,333.4,336.1,332.7,332.9,35.924,BIFIUSDT
2022-10-04 00:00:00,332.8,334.9,332.8,334.4,4.394,BIFIUSDT
2022-10-04 04:00:00,333.9,337.4,333.8,337.4,26.719,BIFIUSDT
2022-10-04 08:00:00,337.1,338.6,335.9,336.7,65.538,BIFIUSDT
2022-10-04 12:00:00,336.5,341.9,336.3,340.5,94.281,BIFIUSDT
2022-10-04 16:00:00,338.7,339.9,337.0,339.9,19.201,BIFIUSDT
2022-10-04 20:00:00,339.5,341.2,338.7,339.3,34.726,BIFIUSDT
2022-10-05 00:00:00,339.3,340.6,338.7,338.8,9.36,BIFIUSDT
2022-10-05 04:00:00,339.1,339.7,337.6,337.7,33.416,BIFIUSDT
2022-10-05 08:00:00,337.3,339.5,334.7,334.8,70.062,BIFIUSDT
2022-10-05 12:00:00,335.1,336.5,330.2,334.0,59.573,BIFIUSDT
2022-10-05 16:00:00,334.6,338.3,333.2,336.3,63.148,BIFIUSDT
2022-10-05 20:00:00,336.2,336.6,332.1,335.2,34.796,BIFIUSDT
2022-10-06 00:00:00,335.4,337.1,334.5,335.5,31.373,BIFIUSDT
2022-10-06 04:00:00,335.7,336.1,334.0,334.8,29.264,BIFIUSDT
2022-10-06 08:00:00,334.8,336.0,333.0,334.6,35.978,BIFIUSDT
2022-10-06 12:00:00,334.8,336.8,331.6,335.5,61.677,BIFIUSDT
2022-10-06 16:00:00,334.5,335.5,332.2,333.3,47.5,BIFIUSDT
2022-10-06 20:00:00,332.9,335.8,329.4,331.4,134.593,BIFIUSDT
2022-10-07 00:00:00,331.9,333.0,330.2,331.2,9.292,BIFIUSDT
2022-10-07 04:00:00,331.5,337.0,329.9,334.8,164.337,BIFIUSDT
2022-10-07 08:00:00,334.5,348.4,332.1,335.3,477.165,BIFIUSDT
2022-10-07 12:00:00,335.1,335.9,328.2,332.9,216.691,BIFIUSDT
2022-10-07 16:00:00,333.7,337.0,332.0,335.6,98.779,BIFIUSDT
2022-10-07 20:00:00,335.1,336.5,334.4,336.5,16.577,BIFIUSDT
2022-10-08 00:00:00,335.4,338.0,334.5,337.0,15.702,BIFIUSDT
2022-10-08 04:00:00,336.8,337.3,334.4,336.3,17.019,BIFIUSDT
2022-10-08 08:00:00,337.2,348.0,334.9,335.2,913.453,BIFIUSDT
2022-10-08 12:00:00,335.6,341.6,335.4,337.4,347.218,BIFIUSDT
2022-10-08 16:00:00,337.3,339.4,336.3,338.7,47.957,BIFIUSDT
2022-10-08 20:00:00,338.8,339.3,333.1,335.6,101.576,BIFIUSDT
2022-10-09 00:00:00,334.5,337.6,333.9,336.4,61.338,BIFIUSDT
2022-10-09 04:00:00,334.8,337.2,333.2,336.9,48.852,BIFIUSDT
2022-10-09 08:00:00,336.9,337.5,333.8,335.5,45.683,BIFIUSDT
2022-10-09 12:00:00,335.5,338.0,335.1,337.1,33.839,BIFIUSDT
2022-10-09 16:00:00,336.2,337.5,334.6,335.7,47.062,BIFIUSDT
2022-10-09 20:00:00,336.2,337.1,333.8,336.3,31.012,BIFIUSDT
2022-10-10 00:00:00,336.3,337.7,335.9,336.9,13.092,BIFIUSDT
2022-10-10 04:00:00,336.8,336.8,333.5,335.7,42.538,BIFIUSDT
2022-10-10 08:00:00,334.8,335.5,328.8,332.0,76.55,BIFIUSDT
2022-10-10 12:00:00,332.9,334.8,330.1,332.0,22.502,BIFIUSDT
2022-10-10 16:00:00,331.7,333.0,329.4,330.9,46.642,BIFIUSDT
2022-10-10 20:00:00,331.8,333.1,324.4,324.8,201.343,BIFIUSDT
2022-10-11 00:00:00,324.6,324.6,315.9,320.5,86.46,BIFIUSDT
2022-10-11 04:00:00,318.2,321.1,316.8,319.1,29.786,BIFIUSDT
2022-10-11 08:00:00,318.4,320.0,316.0,318.6,67.949,BIFIUSDT
2022-10-11 12:00:00,318.0,320.3,315.4,320.0,56.69,BIFIUSDT
2022-10-11 16:00:00,320.0,320.9,316.6,318.4,50.307,BIFIUSDT
2022-10-11 20:00:00,318.7,319.9,314.5,314.7,70.876,BIFIUSDT
2022-10-12 00:00:00,314.7,319.3,313.9,318.4,27.18,BIFIUSDT
2022-10-12 04:00:00,317.2,319.5,316.8,318.4,12.566,BIFIUSDT
2022-10-12 08:00:00,319.0,319.7,317.2,318.6,9.29,BIFIUSDT
2022-10-12 12:00:00,318.5,318.9,314.5,316.5,57.49,BIFIUSDT
2022-10-12 16:00:00,315.1,316.7,313.8,315.2,43.863,BIFIUSDT
2022-10-12 20:00:00,314.9,317.4,314.0,316.6,107.852,BIFIUSDT
2022-10-13 00:00:00,316.9,316.9,309.9,311.0,29.034,BIFIUSDT
2022-10-13 04:00:00,311.1,313.8,300.0,301.8,81.053,BIFIUSDT
2022-10-13 08:00:00,300.2,306.4,287.9,296.8,537.506,BIFIUSDT
2022-10-13 12:00:00,297.4,304.0,292.6,302.6,111.342,BIFIUSDT
2022-10-13 16:00:00,302.6,311.6,302.5,309.9,167.033,BIFIUSDT
2022-10-13 20:00:00,308.6,312.1,307.7,307.9,34.207,BIFIUSDT
2022-10-14 00:00:00,307.0,315.1,306.9,313.5,35.266,BIFIUSDT
2022-10-14 04:00:00,313.3,314.8,312.2,312.3,15.858,BIFIUSDT
2022-10-14 08:00:00,312.3,321.5,311.0,314.4,101.965,BIFIUSDT
2022-10-14 12:00:00,316.6,319.1,308.8,310.4,81.953,BIFIUSDT
2022-10-14 16:00:00,310.4,312.9,307.0,310.7,41.906,BIFIUSDT
2022-10-14 20:00:00,310.4,312.3,307.2,309.3,71.384,BIFIUSDT
2022-10-15 00:00:00,310.9,313.3,307.0,310.6,69.506,BIFIUSDT
2022-10-15 04:00:00,310.2,312.2,309.5,311.8,24.173,BIFIUSDT
2022-10-15 08:00:00,311.7,316.2,309.5,315.0,26.688,BIFIUSDT
2022-10-15 12:00:00,314.8,317.9,314.7,316.0,31.79,BIFIUSDT
2022-10-15 16:00:00,316.6,329.6,316.6,320.7,803.001,BIFIUSDT
2022-10-15 20:00:00,317.9,322.0,310.9,312.8,330.703,BIFIUSDT
2022-10-16 00:00:00,312.9,315.7,312.7,315.2,42.705,BIFIUSDT
2022-10-16 04:00:00,315.0,319.0,315.0,318.5,66.151,BIFIUSDT
2022-10-16 08:00:00,318.3,323.9,314.9,319.5,442.14,BIFIUSDT
2022-10-16 12:00:00,321.6,324.9,318.7,322.9,87.692,BIFIUSDT
2022-10-16 16:00:00,323.3,331.3,322.3,330.3,139.024,BIFIUSDT
2022-10-16 20:00:00,328.8,332.2,323.3,327.1,141.084,BIFIUSDT
2022-10-17 00:00:00,324.6,326.8,322.5,323.0,37.786,BIFIUSDT
2022-10-17 04:00:00,322.9,325.5,319.3,324.2,67.596,BIFIUSDT
2022-10-17 08:00:00,322.1,325.4,320.0,324.2,36.164,BIFIUSDT
2022-10-17 12:00:00,325.3,329.2,322.7,326.7,53.765,BIFIUSDT
2022-10-17 16:00:00,327.5,328.7,324.4,326.4,44.749,BIFIUSDT
2022-10-17 20:00:00,326.4,327.8,324.0,326.7,99.397,BIFIUSDT
2022-10-18 00:00:00,325.1,328.3,323.3,324.7,17.504,BIFIUSDT
2022-10-18 04:00:00,325.3,327.2,322.5,324.9,26.552,BIFIUSDT
2022-10-18 08:00:00,323.4,325.4,316.6,320.8,135.866,BIFIUSDT
2022-10-18 12:00:00,320.8,324.3,314.5,317.2,127.736,BIFIUSDT
2022-10-18 16:00:00,317.0,319.1,312.7,315.3,34.33,BIFIUSDT
2022-10-18 20:00:00,316.6,318.1,315.3,317.5,19.723,BIFIUSDT
2022-10-19 00:00:00,316.6,317.8,312.6,314.3,21.648,BIFIUSDT
2022-10-19 04:00:00,314.4,316.8,309.8,313.1,72.019,BIFIUSDT
2022-10-19 08:00:00,313.3,315.8,311.2,313.8,38.03,BIFIUSDT
2022-10-19 12:00:00,314.3,315.2,311.5,315.2,44.287,BIFIUSDT
2022-10-19 16:00:00,314.4,316.6,312.0,313.1,26.974,BIFIUSDT
2022-10-19 20:00:00,313.8,314.8,311.0,311.1,26.066,BIFIUSDT
2022-10-20 00:00:00,311.1,312.3,311.0,311.2,28.808,BIFIUSDT
2022-10-20 04:00:00,311.5,314.5,311.5,313.7,32.429,BIFIUSDT
2022-10-20 08:00:00,314.8,316.9,314.0,316.2,42.101,BIFIUSDT
2022-10-20 12:00:00,316.7,322.2,314.9,319.3,141.716,BIFIUSDT
2022-10-20 16:00:00,319.3,325.7,313.2,315.7,1372.825,BIFIUSDT
2022-10-20 20:00:00,315.6,316.7,313.3,315.6,27.523,BIFIUSDT
2022-10-21 00:00:00,316.0,316.1,313.5,314.3,35.064,BIFIUSDT
2022-10-21 04:00:00,314.4,315.1,309.5,311.9,191.586,BIFIUSDT
2022-10-21 08:00:00,310.3,311.8,305.7,307.4,81.531,BIFIUSDT
2022-10-21 12:00:00,307.4,313.6,304.8,310.8,52.923,BIFIUSDT
2022-10-21 16:00:00,310.6,314.7,310.6,313.9,29.156,BIFIUSDT
2022-10-21 20:00:00,313.9,315.9,313.3,314.5,21.382,BIFIUSDT
2022-10-22 00:00:00,315.2,315.9,311.9,312.4,21.586,BIFIUSDT
2022-10-22 04:00:00,312.4,321.4,311.4,319.2,139.392,BIFIUSDT
2022-10-22 08:00:00,321.3,608.0,319.1,547.1,23361.027,BIFIUSDT
2022-10-22 12:00:00,548.3,613.3,374.0,393.5,17965.884,BIFIUSDT
2022-10-22 16:00:00,394.0,425.0,380.0,393.0,5012.707,BIFIUSDT
2022-10-22 20:00:00,392.1,470.0,384.3,416.1,5891.382,BIFIUSDT
2022-10-23 00:00:00,417.4,418.4,388.6,401.9,1165.606,BIFIUSDT
2022-10-23 04:00:00,401.9,403.0,368.6,374.4,1437.316,BIFIUSDT
2022-10-23 08:00:00,374.0,379.0,362.1,365.7,1577.644,BIFIUSDT
2022-10-23 12:00:00,364.9,379.6,358.8,360.1,1875.638,BIFIUSDT
2022-10-23 16:00:00,359.8,360.6,350.0,352.1,1187.154,BIFIUSDT
2022-10-23 20:00:00,352.2,360.0,351.6,357.6,565.724,BIFIUSDT
2022-10-24 00:00:00,357.5,366.4,354.0,358.1,640.218,BIFIUSDT
2022-10-24 04:00:00,358.8,374.7,353.4,355.7,868.676,BIFIUSDT
2022-10-24 08:00:00,355.7,365.0,351.7,359.8,533.999,BIFIUSDT
2022-10-24 12:00:00,360.1,365.2,340.0,344.3,1016.193,BIFIUSDT
2022-10-24 16:00:00,344.4,357.0,344.2,348.4,592.476,BIFIUSDT
2022-10-24 20:00:00,348.9,349.6,334.3,338.4,593.486,BIFIUSDT
2022-10-25 00:00:00,337.9,343.2,337.5,339.1,162.626,BIFIUSDT
2022-10-25 04:00:00,339.1,359.1,335.5,340.4,1292.001,BIFIUSDT
2022-10-25 08:00:00,340.6,341.4,337.4,341.4,212.59,BIFIUSDT
2022-10-25 12:00:00,341.0,356.1,339.9,355.1,660.525,BIFIUSDT
2022-10-25 16:00:00,354.9,359.6,350.7,356.8,965.9,BIFIUSDT
2022-10-25 20:00:00,356.9,356.9,347.8,351.4,293.054,BIFIUSDT
2022-10-26 00:00:00,351.0,352.3,347.3,350.4,82.416,BIFIUSDT
2022-10-26 04:00:00,350.7,358.8,340.2,347.6,631.123,BIFIUSDT
2022-10-26 08:00:00,346.6,355.4,340.6,351.1,606.736,BIFIUSDT
2022-10-26 12:00:00,351.8,355.0,343.0,352.8,848.313,BIFIUSDT
2022-10-26 16:00:00,353.0,353.9,345.3,346.6,514.959,BIFIUSDT
2022-10-26 20:00:00,347.0,349.9,342.6,343.8,560.773,BIFIUSDT
2022-10-27 00:00:00,343.8,349.2,343.4,348.3,263.148,BIFIUSDT
2022-10-27 04:00:00,348.8,356.2,347.1,349.8,657.921,BIFIUSDT
2022-10-27 08:00:00,349.8,356.9,346.7,355.6,416.714,BIFIUSDT
2022-10-27 12:00:00,355.7,435.0,353.4,374.0,8277.056,BIFIUSDT
2022-10-27 16:00:00,374.0,384.6,361.1,363.5,828.529,BIFIUSDT
2022-10-27 20:00:00,363.6,366.2,355.5,359.4,392.374,BIFIUSDT
2022-10-28 00:00:00,360.0,380.4,359.6,379.4,958.563,BIFIUSDT
2022-10-28 04:00:00,379.4,390.1,368.4,374.4,1123.682,BIFIUSDT
2022-10-28 08:00:00,374.6,376.3,356.6,362.6,782.869,BIFIUSDT
2022-10-28 12:00:00,362.7,367.4,358.8,363.9,240.17,BIFIUSDT
2022-10-28 16:00:00,364.3,368.3,362.0,367.0,211.768,BIFIUSDT
2022-10-28 20:00:00,366.7,371.1,362.8,366.1,267.013,BIFIUSDT
2022-10-29 00:00:00,366.2,370.9,365.1,370.5,79.13,BIFIUSDT
2022-10-29 04:00:00,370.2,374.2,365.0,365.4,207.236,BIFIUSDT
2022-10-29 08:00:00,366.2,373.1,364.0,368.2,314.858,BIFIUSDT
2022-10-29 12:00:00,367.7,373.6,362.0,368.9,560.18,BIFIUSDT
2022-10-29 16:00:00,368.8,374.3,366.8,371.6,338.066,BIFIUSDT
2022-10-29 20:00:00,371.2,373.3,368.0,369.9,124.78,BIFIUSDT
2022-10-30 00:00:00,369.5,373.8,367.4,371.6,89.785,BIFIUSDT
2022-10-30 04:00:00,371.6,371.7,367.1,370.6,120.388,BIFIUSDT
2022-10-30 08:00:00,370.8,373.0,363.6,365.3,149.68,BIFIUSDT
2022-10-30 12:00:00,365.3,370.5,362.5,366.1,158.167,BIFIUSDT
2022-10-30 16:00:00,366.0,368.4,363.6,367.2,155.405,BIFIUSDT
2022-10-30 20:00:00,366.6,369.6,361.5,363.6,185.147,BIFIUSDT
2022-10-31 00:00:00,363.6,366.9,357.0,361.8,188.881,BIFIUSDT
2022-10-31 04:00:00,362.0,373.3,358.6,364.6,654.161,BIFIUSDT
2022-10-31 08:00:00,364.4,384.2,360.1,380.8,692.456,BIFIUSDT
2022-10-31 12:00:00,381.1,442.0,369.0,369.1,5372.478,BIFIUSDT
2022-10-31 16:00:00,370.7,384.3,367.8,374.1,626.488,BIFIUSDT
2022-10-31 20:00:00,374.2,380.6,370.1,375.0,357.155,BIFIUSDT
2022-11-01 00:00:00,375.1,380.1,374.0,376.4,289.401,BIFIUSDT
2022-11-01 04:00:00,374.9,375.9,371.4,372.1,140.607,BIFIUSDT
2022-11-01 08:00:00,372.1,374.0,370.1,371.0,114.075,BIFIUSDT
2022-11-01 12:00:00,370.7,374.0,370.0,370.0,154.47,BIFIUSDT
2022-11-01 16:00:00,370.9,387.5,370.2,379.0,958.809,BIFIUSDT
2022-11-01 20:00:00,378.5,382.4,376.2,379.9,110.999,BIFIUSDT
2022-11-02 00:00:00,377.9,404.6,376.6,385.0,447.987,BIFIUSDT
2022-11-02 04:00:00,384.4,387.7,375.1,378.6,228.802,BIFIUSDT
2022-11-02 08:00:00,378.5,383.9,374.1,377.3,161.898,BIFIUSDT
2022-11-02 12:00:00,378.9,380.3,374.6,376.0,98.463,BIFIUSDT
2022-11-02 16:00:00,376.7,387.6,373.5,375.9,376.851,BIFIUSDT
2022-11-02 20:00:00,376.2,376.5,372.1,373.6,56.649,BIFIUSDT
2022-11-03 00:00:00,373.7,381.6,372.8,380.9,232.631,BIFIUSDT
2022-11-03 04:00:00,380.8,389.9,379.4,385.0,196.744,BIFIUSDT
2022-11-03 08:00:00,385.9,389.9,381.5,381.6,286.441,BIFIUSDT
2022-11-03 12:00:00,381.8,398.8,378.5,392.1,540.567,BIFIUSDT
2022-11-03 16:00:00,390.2,406.0,389.3,394.7,499.442,BIFIUSDT
2022-11-03 20:00:00,394.7,399.3,387.0,390.7,150.419,BIFIUSDT
2022-11-04 00:00:00,390.7,399.9,387.9,398.1,125.248,BIFIUSDT
2022-11-04 04:00:00,395.7,405.9,394.9,402.7,219.049,BIFIUSDT
2022-11-04 08:00:00,402.3,409.6,398.3,402.9,325.737,BIFIUSDT
2022-11-04 12:00:00,402.4,414.9,396.0,402.9,297.476,BIFIUSDT
2022-11-04 16:00:00,402.5,405.3,393.1,401.3,301.183,BIFIUSDT
2022-11-04 20:00:00,400.9,402.8,399.3,402.4,93.172,BIFIUSDT
2022-11-05 00:00:00,402.5,410.5,402.5,410.0,193.205,BIFIUSDT
2022-11-05 04:00:00,408.9,411.1,404.6,407.8,119.941,BIFIUSDT
2022-11-05 08:00:00,407.1,410.5,403.3,409.3,140.933,BIFIUSDT
2022-11-05 12:00:00,410.0,420.0,404.7,412.5,252.948,BIFIUSDT
2022-11-05 16:00:00,412.5,417.3,409.3,410.8,179.643,BIFIUSDT
2022-11-05 20:00:00,409.8,416.6,409.7,411.1,131.575,BIFIUSDT
2022-11-06 00:00:00,411.8,414.0,409.5,412.4,91.346,BIFIUSDT
2022-11-06 04:00:00,412.7,429.0,409.6,421.6,546.569,BIFIUSDT
2022-11-06 08:00:00,421.6,474.0,418.9,439.8,1929.365,BIFIUSDT
2022-11-06 12:00:00,438.6,620.0,438.5,499.4,16154.682,BIFIUSDT
2022-11-06 16:00:00,500.1,501.3,459.0,469.8,3103.031,BIFIUSDT
2022-11-06 20:00:00,468.7,470.7,440.0,441.3,1015.844,BIFIUSDT
2022-11-07 00:00:00,440.0,447.6,427.5,437.5,896.607,BIFIUSDT
2022-11-07 04:00:00,437.4,437.6,420.3,421.7,825.575,BIFIUSDT
2022-11-07 08:00:00,420.4,519.0,420.3,469.3,5917.258,BIFIUSDT
2022-11-07 12:00:00,469.7,486.1,432.0,440.1,1832.367,BIFIUSDT
2022-11-07 16:00:00,440.0,453.8,435.0,453.4,712.41,BIFIUSDT
2022-11-07 20:00:00,453.2,454.0,438.5,441.0,300.335,BIFIUSDT
2022-11-08 00:00:00,442.5,446.1,433.2,433.2,392.672,BIFIUSDT
2022-11-08 04:00:00,433.0,446.0,414.4,431.0,1000.907,BIFIUSDT
2022-11-08 08:00:00,431.0,463.9,424.1,431.8,1640.291,BIFIUSDT
2022-11-08 12:00:00,430.4,452.8,419.3,434.4,712.707,BIFIUSDT
2022-11-08 16:00:00,435.1,500.0,371.1,402.0,6634.803,BIFIUSDT
2022-11-08 20:00:00,402.0,418.9,388.7,405.9,752.411,BIFIUSDT
2022-11-09 00:00:00,407.5,407.5,389.5,401.7,276.715,BIFIUSDT
2022-11-09 04:00:00,401.5,411.5,391.9,403.4,367.302,BIFIUSDT
2022-11-09 08:00:00,403.0,404.9,351.5,380.9,896.881,BIFIUSDT
2022-11-09 12:00:00,380.9,386.5,355.1,357.5,443.484,BIFIUSDT
2022-11-09 16:00:00,356.7,370.4,340.0,358.0,408.855,BIFIUSDT
2022-11-09 20:00:00,358.2,363.2,330.0,335.3,552.251,BIFIUSDT
2022-11-10 00:00:00,335.3,357.6,331.3,352.6,343.605,BIFIUSDT
2022-11-10 04:00:00,352.7,363.7,350.1,351.8,288.157,BIFIUSDT
2022-11-10 08:00:00,350.1,360.0,346.2,353.1,294.696,BIFIUSDT
2022-11-10 12:00:00,353.3,384.8,351.5,370.3,1634.537,BIFIUSDT
2022-11-10 16:00:00,368.4,377.9,338.0,363.9,578.029,BIFIUSDT
2022-11-10 20:00:00,362.1,372.0,361.8,369.5,189.064,BIFIUSDT
2022-11-11 00:00:00,369.5,371.7,350.8,352.6,126.999,BIFIUSDT
2022-11-11 04:00:00,353.7,363.1,348.0,361.3,235.592,BIFIUSDT
2022-11-11 08:00:00,360.9,371.9,353.2,366.5,410.648,BIFIUSDT
2022-11-11 12:00:00,364.5,370.3,330.0,340.2,1069.182,BIFIUSDT
2022-11-11 16:00:00,340.6,341.4,320.4,328.9,1044.48,BIFIUSDT
2022-11-11 20:00:00,329.6,334.2,324.4,334.0,179.448,BIFIUSDT
2022-11-12 00:00:00,333.3,336.6,329.0,331.5,112.168,BIFIUSDT
2022-11-12 04:00:00,330.7,331.9,317.0,320.2,287.931,BIFIUSDT
2022-11-12 08:00:00,320.3,328.0,318.3,321.5,193.023,BIFIUSDT
2022-11-12 12:00:00,322.7,329.8,316.6,327.4,183.024,BIFIUSDT
2022-11-12 16:00:00,328.5,342.6,323.4,338.2,723.511,BIFIUSDT
2022-11-12 20:00:00,338.2,339.9,331.1,333.5,229.249,BIFIUSDT
2022-11-13 00:00:00,332.2,340.8,329.3,340.8,204.94,BIFIUSDT
2022-11-13 04:00:00,342.2,342.9,329.0,331.7,268.828,BIFIUSDT
2022-11-13 08:00:00,332.2,335.2,320.5,334.6,470.936,BIFIUSDT
2022-11-13 12:00:00,333.6,338.7,324.2,331.1,385.862,BIFIUSDT
2022-11-13 16:00:00,331.1,339.7,324.2,338.6,237.785,BIFIUSDT
2022-11-13 20:00:00,337.5,337.5,326.6,329.7,115.412,BIFIUSDT
2022-11-14 00:00:00,329.7,329.8,317.0,318.5,123.727,BIFIUSDT
2022-11-14 04:00:00,318.5,329.9,315.4,329.9,132.348,BIFIUSDT
2022-11-14 08:00:00,330.0,335.1,327.8,333.8,112.599,BIFIUSDT
2022-11-14 12:00:00,333.8,338.2,324.0,325.7,218.796,BIFIUSDT
2022-11-14 16:00:00,325.5,328.5,319.0,320.0,115.639,BIFIUSDT
2022-11-14 20:00:00,320.0,328.9,319.3,326.7,94.961,BIFIUSDT
2022-11-15 00:00:00,326.7,329.7,323.5,324.2,191.988,BIFIUSDT
2022-11-15 04:00:00,324.5,330.1,323.3,329.9,162.407,BIFIUSDT
2022-11-15 08:00:00,330.0,338.0,327.8,335.1,190.594,BIFIUSDT
2022-11-15 12:00:00,336.1,343.0,330.9,338.3,324.725,BIFIUSDT
2022-11-15 16:00:00,337.9,339.5,325.6,330.6,189.293,BIFIUSDT
2022-11-15 20:00:00,330.4,333.7,329.3,332.9,40.667,BIFIUSDT
2022-11-16 00:00:00,331.7,334.4,331.5,332.7,58.298,BIFIUSDT
2022-11-16 04:00:00,332.8,334.7,330.5,331.5,126.405,BIFIUSDT
2022-11-16 08:00:00,330.6,330.7,324.1,327.0,213.229,BIFIUSDT
2022-11-16 12:00:00,327.3,327.5,317.0,318.7,471.392,BIFIUSDT
2022-11-16 16:00:00,318.2,321.1,316.3,317.1,466.661,BIFIUSDT
2022-11-16 20:00:00,316.6,321.5,314.9,320.4,540.666,BIFIUSDT
2022-11-17 00:00:00,320.1,329.5,318.4,319.9,318.824,BIFIUSDT
2022-11-17 04:00:00,321.2,321.2,316.0,317.5,322.954,BIFIUSDT
2022-11-17 08:00:00,317.5,321.5,315.7,319.3,347.641,BIFIUSDT
2022-11-17 12:00:00,319.2,321.9,313.9,319.9,287.568,BIFIUSDT
2022-11-17 16:00:00,320.1,322.4,317.5,320.2,265.315,BIFIUSDT
2022-11-17 20:00:00,320.2,320.6,316.4,319.4,231.293,BIFIUSDT
2022-11-18 00:00:00,319.7,324.2,318.9,321.8,290.332,BIFIUSDT
2022-11-18 04:00:00,321.8,322.0,315.1,317.8,219.308,BIFIUSDT
2022-11-18 08:00:00,317.7,322.6,314.7,319.9,193.29,BIFIUSDT
2022-11-18 12:00:00,319.7,330.0,319.5,321.2,354.481,BIFIUSDT
2022-11-18 16:00:00,322.1,442.2,320.2,357.3,9899.97,BIFIUSDT
2022-11-18 20:00:00,356.9,379.0,355.3,358.2,2537.324,BIFIUSDT
2022-11-19 00:00:00,357.8,362.0,345.9,346.7,753.529,BIFIUSDT
2022-11-19 04:00:00,347.4,372.1,346.3,351.0,1445.257,BIFIUSDT
2022-11-19 08:00:00,351.1,378.7,343.5,360.6,2071.752,BIFIUSDT
2022-11-19 12:00:00,360.5,364.4,350.1,353.2,1751.162,BIFIUSDT
2022-11-19 16:00:00,353.9,354.3,341.9,344.0,520.198,BIFIUSDT
2022-11-19 20:00:00,343.8,348.3,342.2,342.2,270.669,BIFIUSDT
2022-11-20 00:00:00,343.2,347.8,339.0,345.6,233.551,BIFIUSDT
2022-11-20 04:00:00,345.6,348.9,339.1,342.4,337.873,BIFIUSDT
2022-11-20 08:00:00,342.7,347.0,334.5,342.0,752.989,BIFIUSDT
2022-11-20 12:00:00,341.7,366.1,335.9,345.9,1402.667,BIFIUSDT
2022-11-20 16:00:00,346.0,355.4,343.0,347.3,473.888,BIFIUSDT
2022-11-20 20:00:00,347.2,349.2,331.0,331.0,283.531,BIFIUSDT
2022-11-21 00:00:00,332.0,337.4,322.2,326.6,286.992,BIFIUSDT
2022-11-21 04:00:00,327.8,332.0,324.3,329.8,136.833,BIFIUSDT
2022-11-21 08:00:00,329.0,329.9,320.1,324.7,295.039,BIFIUSDT
2022-11-21 12:00:00,324.5,335.3,322.6,332.1,271.453,BIFIUSDT
2022-11-21 16:00:00,331.8,331.8,319.2,322.3,325.895,BIFIUSDT
2022-11-21 20:00:00,323.1,332.8,320.8,322.8,318.408,BIFIUSDT
2022-11-22 00:00:00,324.3,328.3,322.7,326.0,75.804,BIFIUSDT
2022-11-22 04:00:00,325.3,331.0,321.9,324.7,185.0,BIFIUSDT
2022-11-22 08:00:00,324.7,336.4,317.6,327.1,505.292,BIFIUSDT
2022-11-22 12:00:00,326.9,349.0,325.9,339.6,490.208,BIFIUSDT
2022-11-22 16:00:00,339.6,353.1,333.5,336.1,1123.457,BIFIUSDT
2022-11-22 20:00:00,336.8,337.6,330.4,333.6,192.127,BIFIUSDT
2022-11-23 00:00:00,333.8,344.5,332.9,344.4,208.919,BIFIUSDT
2022-11-23 04:00:00,344.7,347.5,339.8,344.7,289.097,BIFIUSDT
2022-11-23 08:00:00,343.7,349.9,342.3,343.4,180.036,BIFIUSDT
2022-11-23 12:00:00,343.6,345.8,335.3,338.8,179.866,BIFIUSDT
2022-11-23 16:00:00,339.1,343.6,334.3,340.0,120.372,BIFIUSDT
2022-11-23 20:00:00,339.9,342.2,336.8,340.3,97.843,BIFIUSDT
2022-11-24 00:00:00,341.2,344.4,339.0,340.0,85.116,BIFIUSDT
2022-11-24 04:00:00,340.0,354.9,339.0,352.5,443.686,BIFIUSDT
2022-11-24 08:00:00,353.1,353.9,334.8,336.7,437.99,BIFIUSDT
2022-11-24 12:00:00,337.6,350.0,337.2,343.3,494.298,BIFIUSDT
2022-11-24 16:00:00,343.1,352.5,340.0,341.7,496.8,BIFIUSDT
2022-11-24 20:00:00,342.0,372.1,341.7,351.0,2048.882,BIFIUSDT
2022-11-25 00:00:00,351.2,362.9,340.4,342.8,458.923,BIFIUSDT
2022-11-25 04:00:00,342.8,349.8,340.0,346.0,346.692,BIFIUSDT
2022-11-25 08:00:00,347.0,393.3,345.0,379.1,2558.434,BIFIUSDT
2022-11-25 12:00:00,379.6,395.0,355.7,357.5,3592.854,BIFIUSDT
2022-11-25 16:00:00,358.4,368.0,356.3,359.3,560.069,BIFIUSDT
2022-11-25 20:00:00,360.9,365.8,356.6,357.7,414.178,BIFIUSDT
2022-11-26 00:00:00,357.2,378.9,352.2,370.6,426.394,BIFIUSDT
2022-11-26 04:00:00,370.5,373.3,360.4,363.0,333.812,BIFIUSDT
2022-11-26 08:00:00,363.5,371.0,361.1,361.6,266.025,BIFIUSDT
2022-11-26 12:00:00,361.7,373.9,361.0,365.6,314.946,BIFIUSDT
2022-11-26 16:00:00,364.6,366.9,359.2,360.3,185.555,BIFIUSDT
2022-11-26 20:00:00,360.4,361.9,353.2,355.2,193.826,BIFIUSDT
2022-11-27 00:00:00,355.5,359.1,346.0,356.9,497.513,BIFIUSDT
2022-11-27 04:00:00,356.9,358.4,351.4,353.0,99.858,BIFIUSDT
2022-11-27 08:00:00,352.6,364.9,352.3,358.5,172.114,BIFIUSDT
2022-11-27 12:00:00,359.1,363.0,358.0,359.1,174.959,BIFIUSDT
2022-11-27 16:00:00,360.0,362.5,355.9,357.5,204.407,BIFIUSDT
2022-11-27 20:00:00,356.3,359.8,353.5,355.2,69.563,BIFIUSDT
2022-11-28 00:00:00,354.5,355.6,340.0,343.8,220.697,BIFIUSDT
2022-11-28 04:00:00,344.7,347.7,340.3,345.3,116.672,BIFIUSDT
2022-11-28 08:00:00,345.3,348.4,342.8,345.0,148.408,BIFIUSDT
2022-11-28 12:00:00,345.0,348.3,340.7,343.2,134.821,BIFIUSDT
2022-11-28 16:00:00,342.9,345.1,340.5,343.6,103.63,BIFIUSDT
2022-11-28 20:00:00,343.6,344.6,341.1,342.7,145.46,BIFIUSDT
2022-11-29 00:00:00,342.5,363.1,340.0,349.0,1159.01,BIFIUSDT
2022-11-29 04:00:00,348.9,360.0,348.5,352.6,171.075,BIFIUSDT
2022-11-29 08:00:00,353.5,356.7,351.9,352.6,180.126,BIFIUSDT
2022-11-29 12:00:00,352.9,354.5,346.9,347.9,225.885,BIFIUSDT
2022-11-29 16:00:00,348.0,351.0,346.3,349.6,126.488,BIFIUSDT
2022-11-29 20:00:00,350.9,355.3,349.4,351.8,91.191,BIFIUSDT
2022-11-30 00:00:00,352.6,359.6,351.5,353.6,115.335,BIFIUSDT
2022-11-30 04:00:00,353.6,354.9,351.5,352.5,180.833,BIFIUSDT
2022-11-30 08:00:00,351.8,354.1,349.5,353.0,91.074,BIFIUSDT
2022-11-30 12:00:00,352.5,362.6,350.6,361.6,217.239,BIFIUSDT
2022-11-30 16:00:00,361.6,376.0,357.0,362.5,1100.608,BIFIUSDT
2022-11-30 20:00:00,362.3,369.0,362.3,366.8,197.441,BIFIUSDT
2022-12-01 00:00:00,366.6,369.0,364.5,364.7,122.947,BIFIUSDT
2022-12-01 04:00:00,364.4,366.2,361.2,365.4,184.587,BIFIUSDT
2022-12-01 08:00:00,365.4,366.8,362.7,364.8,181.818,BIFIUSDT
2022-12-01 12:00:00,365.7,378.0,364.5,369.2,492.977,BIFIUSDT
2022-12-01 16:00:00,369.0,369.4,360.2,361.4,219.204,BIFIUSDT
2022-12-01 20:00:00,361.9,366.6,360.2,365.4,112.019,BIFIUSDT
2022-12-02 00:00:00,365.8,368.4,357.7,358.0,125.874,BIFIUSDT
2022-12-02 04:00:00,357.9,362.4,357.8,360.9,81.264,BIFIUSDT
2022-12-02 08:00:00,360.5,362.2,346.3,359.4,274.33,BIFIUSDT
2022-12-02 12:00:00,358.3,359.7,355.6,358.0,154.421,BIFIUSDT
2022-12-02 16:00:00,357.8,360.1,356.8,359.3,90.423,BIFIUSDT
2022-12-02 20:00:00,359.8,362.4,357.0,360.6,93.819,BIFIUSDT
2022-12-03 00:00:00,360.6,365.0,358.8,364.9,47.899,BIFIUSDT
2022-12-03 04:00:00,364.9,365.0,360.0,362.8,40.392,BIFIUSDT
2022-12-03 08:00:00,363.0,366.6,357.1,360.6,176.941,BIFIUSDT
2022-12-03 12:00:00,360.7,365.8,357.1,359.5,226.706,BIFIUSDT
2022-12-03 16:00:00,359.7,363.7,357.8,362.0,87.258,BIFIUSDT
2022-12-03 20:00:00,363.8,365.8,357.0,357.6,160.291,BIFIUSDT
2022-12-04 00:00:00,357.6,363.4,356.2,361.0,51.171,BIFIUSDT
2022-12-04 04:00:00,363.4,366.0,360.0,361.3,93.934,BIFIUSDT
2022-12-04 08:00:00,361.3,363.9,360.0,362.9,86.7,BIFIUSDT
2022-12-04 12:00:00,362.5,364.0,360.1,363.0,60.69,BIFIUSDT
